timestep,step,agent_power_house_1,baseline_power_house_1,power_diff_house_1,house_1_battery_P_bat,house_1_battery_SOC,agent_cost,baseline_cost,cost_saving,reward
2015-03-12 00:30:00,1,-0.064125333772362,-0.064125333772362,0.0,,,-0.09858879265466577,0.004939225708669797,0.10352801836333557,0.10352801836333557
2015-03-12 00:45:00,2,-0.05935530894438263,-0.05935530894438263,0.0,,,-0.09871749332455275,0.00448877336406534,0.10320626668861808,0.10320626668861808
2015-03-12 01:00:00,3,-0.05602529161164262,-0.05602529161164262,0.0,,,-0.047967960556608395,0.0041548716261067846,0.05212283218271518,0.05212283218271518
2015-03-12 01:15:00,4,-0.053820280134558,-0.053820280134558,0.0,,,0.003921770412814984,0.003921770412814984,0.0,0.0
2015-03-12 01:30:00,5,-0.052425272873544745,-0.052425272873544745,0.0,,,0.0037674196094190605,0.0037674196094190605,0.0,0.0
2015-03-12 01:45:00,6,-0.051525268189021124,-0.051525268189021124,0.0,,,0.0036697691011481326,0.0036697691011481326,0.0,0.0
2015-03-12 02:00:00,7,-0.050895264909854236,-0.050895264909854236,0.0,,,0.003606768773231479,0.003606768773231479,0.0,0.0
2015-03-12 02:15:00,8,-0.05062526350449638,-0.05062526350449638,0.0,,,0.003562668543689797,0.003562668543689797,0.0,0.0
2015-03-12 02:30:00,9,-0.05026526163068625,-0.05026526163068625,0.0,,,0.003543768445314747,0.003543768445314747,0.0,0.0
2015-03-12 02:45:00,10,-0.04986025952265112,-0.04986025952265112,0.0,,,0.003518568314148038,0.003518568314148038,0.0,0.0
2015-03-12 03:00:00,11,-0.04959025811729324,-0.04959025811729324,0.0,,,0.003490218166585579,0.003490218166585579,0.0,0.0
2015-03-12 03:15:00,12,-0.04923025624348425,-0.04923025624348425,0.0,,,0.0034713180682105272,0.0034713180682105272,0.0,0.0
2015-03-12 03:30:00,13,-0.04923025624348425,-0.04923025624348425,0.0,,,0.0034461179370438976,0.0034461179370438976,0.0,0.0
2015-03-12 03:45:00,14,-0.04936525694616262,-0.04936525694616262,0.0,,,0.0034461179370438976,0.0034461179370438976,0.0,0.0
2015-03-12 04:00:00,15,-0.04986025952265112,-0.04986025952265112,0.0,,,0.0034555679862313836,0.0034555679862313836,0.0,0.0
2015-03-12 04:15:00,16,-0.050490262801818,-0.050490262801818,0.0,,,0.003490218166585579,0.003490218166585579,0.0,0.0
2015-03-12 04:30:00,17,-0.05139026748634275,-0.05139026748634275,0.0,,,0.0035343183961272606,0.0035343183961272606,0.0,0.0
2015-03-12 04:45:00,18,-0.05256027357622425,-0.05256027357622425,0.0,,,0.0035973187240439927,0.0035973187240439927,0.0,0.0
2015-03-12 05:00:00,19,-0.055395288332475756,-0.055395288332475756,0.0,,,0.003679219150335698,0.003679219150335698,0.0,0.0
2015-03-12 05:15:00,20,-0.061290319016110505,-0.061290319016110505,0.0,,,0.0038776701832733034,0.0038776701832733034,0.0,0.0
2015-03-12 05:30:00,21,-0.07168537312236675,-0.07168537312236675,0.0,,,0.0042903223311277355,0.0042903223311277355,0.0,0.0
2015-03-12 05:45:00,22,-0.08739045486731813,-0.08739045486731813,0.0,,,0.005017976118565673,0.005017976118565673,0.0,0.0
2015-03-12 06:00:00,23,-0.10638055371078224,-0.10638055371078224,0.0,,,0.006117331840712269,0.006117331840712269,0.0,0.0
2015-03-12 06:15:00,24,-0.125910655364961,-0.125910655364961,0.0,,,0.007446638759754758,0.007446638759754758,0.0,0.0
2015-03-12 06:30:00,25,-0.14328074577628125,-0.14328074577628125,0.0,,,0.00881374587554727,0.00881374587554727,0.0,0.0
2015-03-12 06:45:00,26,-0.1562408132334334,-0.1562408132334334,0.0,,,0.010029652204339688,0.010029652204339688,0.0,0.0
2015-03-12 07:00:00,27,-0.16510585937599798,-0.16510585937599798,0.0,,,0.010936856926340338,0.010936856926340338,0.0,0.0
2015-03-12 07:15:00,28,-0.15447653320305976,-0.15447653320305976,0.0,,,0.011557410156319859,0.011557410156319859,0.0,0.0
2015-03-12 07:30:00,29,-0.12280378690493654,-0.12280378690493654,0.0,,,0.010813357324214184,0.010813357324214184,0.0,0.0
2015-03-12 07:45:00,30,-0.0830849728194268,-0.0830849728194268,0.0,,,0.008596265083345558,0.008596265083345558,0.0,0.0
2015-03-12 08:00:00,31,-0.0378751879657106,-0.0378751879657106,0.0,,,0.005815948097359877,0.005815948097359877,0.0,0.0
2015-03-12 08:15:00,32,0.014323079495624306,0.014323079495624306,0.0,,,0.0026512631575997423,0.0026512631575997423,0.0,0.0
2015-03-12 08:30:00,33,0.07528170306443516,0.07528170306443516,0.0,,,-0.0002864615899124861,-0.0002864615899124861,0.0,0.0
2015-03-12 08:45:00,34,0.1328188479834091,0.1328188479834091,0.0,,,-0.0015056340612887031,-0.0015056340612887031,0.0,0.0
2015-03-12 09:00:00,35,0.19409186130140957,0.19409186130140957,0.0,,,-0.002656376959668182,-0.002656376959668182,0.0,0.0
2015-03-12 09:15:00,36,0.26244987124983793,0.26244987124983793,0.0,,,-0.0038818372260281914,-0.0038818372260281914,0.0,0.0
2015-03-12 09:30:00,37,0.322400565142223,0.322400565142223,0.0,,,-0.005248997424996758,-0.005248997424996758,0.0,0.0
2015-03-12 09:45:00,38,0.3674614786894137,0.3674614786894137,0.0,,,-0.00644801130284446,-0.00644801130284446,0.0,0.0
2015-03-12 10:00:00,39,0.4215675751652614,0.4215675751652614,0.0,,,-0.007349229573788274,-0.007349229573788274,0.0,0.0
2015-03-12 10:15:00,40,0.4728154902458141,0.4728154902458141,0.0,,,-0.008431351503305227,-0.008431351503305227,0.0,0.0
2015-03-12 10:30:00,41,0.5214735101362742,0.5214735101362742,0.0,,,-0.009456309804916282,-0.009456309804916282,0.0,0.0
2015-03-12 10:45:00,42,0.5509203158896806,0.5509203158896806,0.0,,,-0.010429470202725484,-0.010429470202725484,0.0,0.0
2015-03-12 11:00:00,43,0.5810927963542073,0.5810927963542073,0.0,,,-0.011018406317793612,-0.011018406317793612,0.0,0.0
2015-03-12 11:15:00,44,0.5762839812325354,0.5762839812325354,0.0,,,-0.011621855927084146,-0.011621855927084146,0.0,0.0
2015-03-12 11:30:00,45,0.4795534857683611,0.4795534857683611,0.0,,,-0.011525679624650708,-0.011525679624650708,0.0,0.0
2015-03-12 11:45:00,46,0.40142230865605855,0.40142230865605855,0.0,,,-0.009591069715367223,-0.009591069715367223,0.0,0.0
2015-03-12 12:00:00,47,0.6071415605358775,0.6071415605358775,0.0,,,-0.008028446173121172,-0.008028446173121172,0.0,0.0
2015-03-12 12:15:00,48,0.6059455935577052,0.6059455935577052,0.0,,,-0.01214283121071755,-0.01214283121071755,0.0,0.0
2015-03-12 12:30:00,49,0.5721976747348549,0.5721976747348549,0.0,,,-0.012118911871154103,-0.012118911871154103,0.0,0.0
2015-03-12 12:45:00,50,0.5453509055513086,0.5453509055513086,0.0,,,-0.011443953494697099,-0.011443953494697099,0.0,0.0
2015-03-12 13:00:00,51,0.4744589441867545,0.4744589441867545,0.0,,,-0.010907018111026172,-0.010907018111026172,0.0,0.0
2015-03-12 13:15:00,52,0.4868138401745289,0.4868138401745289,0.0,,,-0.00948917888373509,-0.00948917888373509,0.0,0.0
2015-03-12 13:30:00,53,0.44227103746932184,0.44227103746932184,0.0,,,-0.009736276803490578,-0.009736276803490578,0.0,0.0
2015-03-12 13:45:00,54,0.4002253403491858,0.4002253403491858,0.0,,,-0.008845420749386436,-0.008845420749386436,0.0,0.0
2015-03-12 14:00:00,55,0.2917688371565186,0.2917688371565186,0.0,,,-0.008004506806983716,-0.008004506806983716,0.0,0.0
2015-03-12 14:15:00,56,0.3060379493613504,0.3060379493613504,0.0,,,-0.005835376743130372,-0.005835376743130372,0.0,0.0
2015-03-12 14:30:00,57,0.23448098183563498,0.23448098183563498,0.0,,,-0.006120758987227009,-0.006120758987227009,0.0,0.0
2015-03-12 14:45:00,58,0.1760868247793762,0.1760868247793762,0.0,,,-0.0046896196367127,-0.0046896196367127,0.0,0.0
2015-03-12 15:00:00,59,0.13001781048593292,0.13001781048593292,0.0,,,-0.0035217364955875243,-0.0035217364955875243,0.0,0.0
2015-03-12 15:15:00,60,0.08510384394977859,0.08510384394977859,0.0,,,-0.0026003562097186585,-0.0026003562097186585,0.0,0.0
2015-03-12 15:30:00,61,0.030593603944588682,0.030593603944588682,0.0,,,-0.0017020768789955717,-0.0017020768789955717,0.0,0.0
2015-03-12 15:45:00,62,-0.02275663442717442,-0.02275663442717442,0.0,,,-0.0006118720788917736,-0.0006118720788917736,0.0,0.0
2015-03-12 16:00:00,63,-0.07316193331582695,-0.07316193331582695,0.0,,,0.0015929644099022095,0.0015929644099022095,0.0,0.0
2015-03-12 16:15:00,64,-0.12175944119038701,-0.12175944119038701,0.0,,,0.005121335332107887,0.005121335332107887,0.0,0.0
2015-03-12 16:30:00,65,-0.14121073500187614,-0.14121073500187614,0.0,,,0.008523160883327092,0.008523160883327092,0.0,0.0
2015-03-12 16:45:00,66,-0.14904077575723762,-0.14904077575723762,0.0,,,0.00988475145013133,0.00988475145013133,0.0,0.0
2015-03-12 17:00:00,67,-0.15894082728700648,-0.15894082728700648,0.0,,,0.010432854303006634,0.010432854303006634,0.0,0.0
2015-03-12 17:15:00,68,-0.170415887014692,-0.170415887014692,0.0,,,0.011125857910090456,0.011125857910090456,0.0,0.0
2015-03-12 17:30:00,69,-0.18288095189535453,-0.18288095189535453,0.0,,,0.011929112091028442,0.011929112091028442,0.0,0.0
2015-03-12 17:45:00,70,-0.1958410193525055,-0.1958410193525055,0.0,,,0.012801666632674819,0.012801666632674819,0.0,0.0
2015-03-12 18:00:00,71,-0.2084410849358475,-0.2084410849358475,0.0,,,0.013708871354675387,0.013708871354675387,0.0,0.0
2015-03-12 18:15:00,72,-0.22000614513198524,-0.22000614513198524,0.0,,,0.014590875945509327,0.014590875945509327,0.0,0.0
2015-03-12 18:30:00,73,-0.22990619666175413,-0.22990619666175413,0.0,,,0.015400430159238969,0.015400430159238969,0.0,0.0
2015-03-12 18:45:00,74,-0.2373312353090794,-0.2373312353090794,0.0,,,0.01609343376632279,0.01609343376632279,0.0,0.0
2015-03-12 19:00:00,75,-0.24183125873170203,-0.24183125873170203,0.0,,,0.01661318647163556,0.01661318647163556,0.0,0.0
2015-03-12 19:15:00,76,-0.2427312634162256,-0.2427312634162256,0.0,,,0.016928188111219142,0.016928188111219142,0.0,0.0
2015-03-12 19:30:00,77,-0.23953624678616398,-0.23953624678616398,0.0,,,0.016991188439135795,0.016991188439135795,0.0,0.0
2015-03-12 19:45:00,78,-0.23220120860729102,-0.23220120860729102,0.0,,,0.01676753727503148,0.01676753727503148,0.0,0.0
2015-03-12 20:00:00,79,-0.2219411552037131,-0.2219411552037131,0.0,,,0.016254084602510373,0.016254084602510373,0.0,0.0
2015-03-12 20:15:00,80,-0.210601096178706,-0.210601096178706,0.0,,,0.015535880864259919,0.015535880864259919,0.0,0.0
2015-03-12 20:30:00,81,-0.19993604066709186,-0.19993604066709186,0.0,,,0.014742076732509423,0.014742076732509423,0.0,0.0
2015-03-12 20:45:00,82,-0.19134099592988396,-0.19134099592988396,0.0,,,0.013995522846696432,0.013995522846696432,0.0,0.0
2015-03-12 21:00:00,83,-0.18427595915636777,-0.18427595915636777,0.0,,,0.013393869715091879,0.013393869715091879,0.0,0.0
2015-03-12 21:15:00,84,-0.1778409256620184,-0.1778409256620184,0.0,,,0.012899317140945745,0.012899317140945745,0.0,0.0
2015-03-12 21:30:00,85,-0.17118089099653724,-0.17118089099653724,0.0,,,0.012448864796341289,0.012448864796341289,0.0,0.0
2015-03-12 21:45:00,86,-0.163440850709628,-0.163440850709628,0.0,,,0.011982662369757608,0.011982662369757608,0.0,0.0
2015-03-12 22:00:00,87,-0.15484580597242012,-0.15484580597242012,0.0,,,0.01144085954967396,0.01144085954967396,0.0,0.0
2015-03-12 22:15:00,88,-0.14557575772181924,-0.14557575772181924,0.0,,,0.01083920641806941,0.01083920641806941,0.0,0.0
2015-03-12 22:30:00,89,-0.13581070689472988,-0.13581070689472988,0.0,,,0.010190303040527348,0.010190303040527348,0.0,0.0
2015-03-12 22:45:00,90,-0.125910655364961,-0.125910655364961,0.0,,,0.009506749482631091,0.009506749482631091,0.0,0.0
2015-03-12 23:00:00,91,-0.11592060336674097,-0.11592060336674097,0.0,,,0.00881374587554727,0.00881374587554727,0.0,0.0
2015-03-12 23:15:00,92,-0.10602055183697215,-0.10602055183697215,0.0,,,0.008114442235671869,0.008114442235671869,0.0,0.0
2015-03-12 23:30:00,93,-0.09625550100988275,-0.09625550100988275,0.0,,,0.007421438628588051,0.007421438628588051,0.0,0.0
2015-03-12 23:45:00,94,-0.09067547196583199,-0.09067547196583199,0.0,,,0.0067378850706917934,0.0067378850706917934,0.0,0.0
2015-03-13 00:00:00,95,-0.08734545463309087,-0.08734545463309087,0.0,,,0.00634728303760824,0.00634728303760824,0.0,0.0
2015-03-13 00:15:00,96,-0.08442043940838712,-0.08442043940838712,0.0,,,0.0061141818243163615,0.0061141818243163615,0.0,-0.8720427335742362
2015-07-06 11:45:00,97,1.1002121458019805,1.1002121458019805,0.0,,,-0.12251775440914728,-0.022517754409147276,0.1,0.1
2015-07-06 12:00:00,98,0.9238976142268414,0.9238976142268414,0.0,,,-0.036390863524064766,-0.02200424291603961,0.014386620608025157,0.014386620608025157
2015-07-06 12:15:00,99,1.1156076395962895,1.1156076395962895,0.0,,,-0.018477952284536827,-0.018477952284536827,0.0,0.0
2015-07-06 12:30:00,100,1.1021908365351276,1.1021908365351276,0.0,,,-0.02231215279192579,-0.02231215279192579,0.0,0.0
2015-07-06 12:45:00,101,1.06786703005865,1.06786703005865,0.0,,,-0.02204381673070255,-0.02204381673070255,0.0,0.0
2015-07-06 13:00:00,102,1.026353083396476,1.026353083396476,0.0,,,-0.021357340601173,-0.021357340601173,0.0,0.0
2015-07-06 13:15:00,103,0.9904634835867191,0.9904634835867191,0.0,,,-0.02052706166792952,-0.02052706166792952,0.0,0.0
2015-07-06 13:30:00,104,0.9549426160966762,0.9549426160966762,0.0,,,-0.01980926967173438,-0.01980926967173438,0.0,0.0
2015-07-06 13:45:00,105,0.895355201529411,0.895355201529411,0.0,,,-0.019098852321933524,-0.019098852321933524,0.0,0.0
2015-07-06 14:00:00,106,0.8342812176988714,0.8342812176988714,0.0,,,-0.01790710403058822,-0.01790710403058822,0.0,0.0
2015-07-06 14:15:00,107,0.7996593037007005,0.7996593037007005,0.0,,,-0.01668562435397743,-0.01668562435397743,0.0,0.0
2015-07-06 14:30:00,108,0.7277427258368938,0.7277427258368938,0.0,,,-0.01599318607401401,-0.01599318607401401,0.0,0.0
2015-07-06 14:45:00,109,0.6495191221809025,0.6495191221809025,0.0,,,-0.014554854516737877,-0.014554854516737877,0.0,0.0
2015-07-06 15:00:00,110,0.5489515914460276,0.5489515914460276,0.0,,,-0.01299038244361805,-0.01299038244361805,0.0,0.0
2015-07-06 15:15:00,111,0.49038037136529594,0.49038037136529594,0.0,,,-0.010979031828920552,-0.010979031828920552,0.0,0.0
2015-07-06 15:30:00,112,0.42413202962786534,0.42413202962786534,0.0,,,-0.00980760742730592,-0.00980760742730592,0.0,0.0
2015-07-06 15:45:00,113,0.3313530118811549,0.3313530118811549,0.0,,,-0.008482640592557307,-0.008482640592557307,0.0,0.0
2015-07-06 16:00:00,114,0.2509028844738356,0.2509028844738356,0.0,,,-0.006627060237623098,-0.006627060237623098,0.0,0.0
2015-07-06 16:15:00,115,0.17753690699002475,0.17753690699002475,0.0,,,0.0008594285160993931,-0.005018057689476711,-0.005877486205576104,-0.005877486205576104
2015-07-06 16:30:00,116,0.10672276005906826,0.10672276005906826,0.0,,,-0.002519950180078049,-0.0035507381398004953,-0.0010307879597224465,-0.0010307879597224465
2015-07-06 16:45:00,117,0.03612734001802401,0.03612734001802401,0.0,,,0.05143500912577601,-0.0021344552011813653,-0.053569464326957375,-0.053569464326957375
2015-07-06 17:00:00,118,-0.024687650963841998,-0.024687650963841998,0.0,,,0.09783689456244203,-0.0007225468003604802,-0.09855944136280251,-0.09855944136280251
2015-07-06 17:15:00,119,-0.07461520954551486,-0.07461520954551486,0.0,,,0.09961812033501041,0.0017281355674689401,-0.09788998476754147,-0.09788998476754147
2015-07-06 17:30:00,120,-0.11708708025273457,-0.11708708025273457,0.0,,,0.05903148463882144,0.005223064668186041,-0.0538084199706354,-0.0538084199706354
2015-07-06 17:45:00,121,-0.14910313751494877,-0.14910313751494877,0.0,,,0.02960081968067737,0.008196095617691421,-0.02140472406298595,-0.02140472406298595
2015-07-06 18:00:00,122,-0.15012078137866688,-0.15012078137866688,0.0,,,0.05243709090981602,0.010437219626046415,-0.041999871283769606,-0.041999871283769606
2015-07-06 18:15:00,123,-0.14742076732509374,-0.14742076732509374,0.0,,,0.015823308483928863,0.010508454696506683,-0.005314853787422181,-0.005314853787422181
2015-07-06 18:30:00,124,-0.14476575350574677,-0.14476575350574677,0.0,,,0.024380674448068074,0.010319453712756563,-0.01406122073531151,-0.01406122073531151
2015-07-06 18:45:00,125,-0.14278574319979387,-0.14278574319979387,0.0,,,-0.003587734620608484,0.010133602745402275,0.013721337366010758,0.013721337366010758
2015-07-06 19:00:00,126,-0.14125573523610224,-0.14125573523610224,0.0,,,-0.00624591588332239,0.009995002023985572,0.016240917907307962,0.016240917907307962
2015-07-06 19:15:00,127,-0.139860727975089,-0.139860727975089,0.0,,,-0.04558081271494043,0.009887901466527158,0.05546871418146759,0.05546871418146759
2015-07-06 19:30:00,128,-0.13806071860604063,-0.13806071860604063,0.0,,,-0.014600537518842046,0.009790250958256232,0.024390788477098278,0.024390788477098278
2015-07-06 19:45:00,129,-0.1354957052551459,-0.1354957052551459,0.0,,,-0.029732169936213745,0.009664250302422845,0.03939642023863659,0.03939642023863659
2015-07-06 20:00:00,130,-0.131895686517048,-0.131895686517048,0.0,,,-0.0022028769618222662,0.009484699367860214,0.01168757632968248,0.01168757632968248
2015-07-06 20:15:00,131,-0.1270806614548425,-0.1270806614548425,0.0,,,0.009232698056193362,0.009232698056193362,0.0,0.0
2015-07-06 20:30:00,132,-0.1210506300685294,-0.1210506300685294,0.0,,,0.008895646301838976,0.008895646301838976,0.0,0.0
2015-07-06 20:45:00,133,-0.11344559048429849,-0.11344559048429849,0.0,,,0.00847354410479706,0.00847354410479706,0.0,0.0
2015-07-06 21:00:00,134,-0.10480554551286449,-0.10480554551286449,0.0,,,0.007941191333900895,0.007941191333900895,0.0,0.0
2015-07-06 21:15:00,135,-0.09553549726226361,-0.09553549726226361,0.0,,,0.007336388185900515,0.007336388185900515,0.0,0.0
2015-07-06 21:30:00,136,-0.08608544807475711,-0.08608544807475711,0.0,,,0.006687484808358454,0.006687484808358454,0.0,0.0
2015-07-06 21:45:00,137,-0.07695040052683463,-0.07695040052683463,0.0,,,0.006025981365232998,0.006025981365232998,0.0,0.0
2015-07-06 22:00:00,138,-0.0685803569607585,-0.0685803569607585,0.0,,,0.005713857374475318,0.005386528036878425,-0.0003273293375968935,-0.0003273293375968935
2015-07-06 22:15:00,139,-0.061380319484562754,-0.061380319484562754,0.0,,,0.06043049087282312,0.004800624987253095,-0.05562986588557003,-0.05562986588557003
2015-07-06 22:30:00,140,-0.05566528973783363,-0.05566528973783363,0.0,,,0.0011574634598258,0.004296622363919393,0.003139158904093593,0.003139158904093593
2015-07-06 22:45:00,141,-0.0516602688916995,-0.0516602688916995,0.0,,,0.07298329919652927,0.003896570281648354,-0.06908672891488091,-0.06908672891488091
2015-07-06 23:00:00,142,-0.049275256477710375,-0.049275256477710375,0.0,,,0.04744638285189643,0.0036162188224189654,-0.04383016402947747,-0.04383016402947747
2015-07-06 23:15:00,143,-0.04774524851401875,-0.04774524851401875,0.0,,,0.04821754562465463,0.0034492679534397267,-0.0447682776712149,-0.0447682776712149
2015-07-06 23:30:00,144,-0.04671024312681563,-0.04671024312681563,0.0,,,0.015028071983065031,0.003342167395981313,-0.011685904587083719,-0.011685904587083719
2015-07-06 23:45:00,145,-0.04572023797383863,-0.04572023797383863,0.0,,,-0.0003235752149375054,0.0032697170188770944,0.0035932922338145997,0.0035932922338145997
2015-07-07 00:00:00,146,-0.04482023328931388,-0.04482023328931388,0.0,,,0.01760504425455467,0.0032004166581687046,-0.014404627596385965,-0.014404627596385965
2015-07-07 00:15:00,147,-0.043830228136338,-0.043830228136338,0.0,,,-0.0043521180085251,0.0031374163302519717,0.0074895343387770714,0.0074895343387770714
2015-07-07 00:30:00,148,-0.0430202239202655,-0.0430202239202655,0.0,,,-0.02173791142196288,0.0030681159695436604,0.02480602739150654,0.02480602739150654
2015-07-07 00:45:00,149,-0.04230022017264637,-0.04230022017264637,0.0,,,0.0037716919546362717,0.003011415674418585,-0.0007602762802176866,-0.0007602762802176866
2015-07-07 01:00:00,150,-0.04180521759615787,-0.04180521759615787,0.0,,,-0.020112196918137395,0.002961015412085246,0.02307321233022264,0.02307321233022264
2015-07-07 01:15:00,151,-0.04144521572234774,-0.04144521572234774,0.0,,,-0.0015318939094013156,0.0029263652317310512,0.004458259141132367,0.004458259141132367
2015-07-07 01:30:00,152,-0.04153521619080001,-0.04153521619080001,0.0,,,-0.011943740674226863,0.002901165100564342,0.014844905774791205,0.014844905774791205
2015-07-07 01:45:00,153,-0.041985218533062384,-0.041985218533062384,0.0,,,-0.0017650653390731113,0.002907465133356001,0.004672530472429113,0.004672530472429113
2015-07-07 02:00:00,154,-0.042750222514908745,-0.042750222514908745,0.0,,,0.002938965297314367,0.002938965297314367,0.0,0.0
2015-07-07 02:15:00,155,-0.04392022860479025,-0.04392022860479025,0.0,,,0.006683104050317294,0.0029925155760436124,-0.003690588474273682,-0.003690588474273682
2015-07-07 02:30:00,156,-0.045270235631576256,-0.045270235631576256,0.0,,,0.0022009830697442175,0.003074416002335318,0.0008734329325911006,0.0008734329325911006
2015-07-07 02:45:00,157,-0.046935244297946245,-0.046935244297946245,0.0,,,0.008685694537284863,0.0031689164942103384,-0.005516778043074525,-0.005516778043074525
2015-07-07 03:00:00,158,-0.04954525788306713,-0.04954525788306713,0.0,,,0.006920634133108331,0.0032854671008562377,-0.0036351670322520933,-0.0036351670322520933
2015-07-07 03:15:00,159,-0.053910280603010244,-0.053910280603010244,0.0,,,-0.0006439040230519654,0.0034681680518146994,0.0041120720748666646,0.0041120720748666646
2015-07-07 03:30:00,160,-0.06075031620539587,-0.06075031620539587,0.0,,,0.010981858500751106,0.0037737196422107174,-0.007208138858540389,-0.007208138858540389
2015-07-07 03:45:00,161,-0.07056036726671137,-0.07056036726671137,0.0,,,-0.0012103567991694647,0.004252522134377711,0.005462878933547176,0.005462878933547176
2015-07-07 04:00:00,162,-0.08199042676017072,-0.08199042676017072,0.0,,,0.014123731686511069,0.004939225708669797,-0.009184505977841272,-0.009184505977841272
2015-07-07 04:15:00,163,-0.09328548555095176,-0.09328548555095176,0.0,,,0.002737836628899229,0.005739329873211951,0.003001493244312722,0.003001493244312722
2015-07-07 04:30:00,164,-0.10309553661226838,-0.10309553661226838,0.0,,,0.006441248046723842,0.006529983988566624,8.873594184278209e-05,8.873594184278209e-05
2015-07-07 04:45:00,165,-0.11002557268310625,-0.11002557268310625,0.0,,,0.003245363866856331,0.007216687562858787,0.003971323696002456,0.003971323696002456
2015-07-07 05:00:00,166,-0.11457059633995387,-0.11457059633995387,0.0,,,0.004543796375956431,0.007701790087817438,0.003157993711861007,0.003157993711861007
2015-07-07 05:15:00,167,-0.11763061226733713,-0.11763061226733713,0.0,,,0.013785740078337995,0.008019941743796772,-0.005765798334541224,-0.005765798334541224
2015-07-07 05:30:00,168,-0.12010562514977849,-0.12010562514977849,0.0,,,-0.0004180717917805996,0.0082341428587136,0.0086522146504942,0.0086522146504942
2015-07-07 05:45:00,169,-0.12276063896912551,-0.12276063896912551,0.0,,,0.011484525270265378,0.008407393760484496,-0.0030771315097808827,-0.0030771315097808827
2015-07-07 06:00:00,170,-0.12537065255424637,-0.12537065255424637,0.0,,,0.008561456342462713,0.008593244727838786,3.1788385376072675e-05,3.1788385376072675e-05
2015-07-07 06:15:00,171,-0.11676469130647,-0.11676469130647,0.0,,,0.005730602554392438,0.008775945678797246,0.0030453431244048083,0.0030453431244048083
2015-07-07 06:30:00,172,-0.0773368787225004,-0.0773368787225004,0.0,,,0.018206739503475303,0.0081735283914529,-0.010033211112022402,-0.010033211112022402
2015-07-07 06:45:00,173,-0.030230409005977066,-0.030230409005977066,0.0,,,0.01809642027971277,0.005413581510575029,-0.01268283876913774,-0.01268283876913774
2015-07-07 07:00:00,174,0.02684115529545003,0.02684115529545003,0.0,,,0.04176534347136767,0.0021161286304183947,-0.03964921484094928,-0.03964921484094928
2015-07-07 07:15:00,175,0.09149314091929822,0.09149314091929822,0.0,,,0.009471679166482385,-0.0005368231059090006,-0.010008502272391386,-0.010008502272391386
2015-07-07 07:30:00,176,0.16701396037657057,0.16701396037657057,0.0,,,0.031086390560926897,-0.0018298628183859645,-0.03291625337931286,-0.03291625337931286
2015-07-07 07:45:00,177,0.23497599513536108,0.23497599513536108,0.0,,,0.01364717920217602,-0.0033402792075314116,-0.01698745840970743,-0.01698745840970743
2015-07-07 08:00:00,178,0.3129056030943209,0.3129056030943209,0.0,,,0.016147547591104316,-0.0046995199027072216,-0.020847067493811537,-0.020847067493811537
2015-07-07 08:15:00,179,0.39940863790482456,0.39940863790482456,0.0,,,0.01065912085208163,-0.0062581120618864184,-0.016917232913968048,-0.016917232913968048
2015-07-07 08:30:00,180,0.47237710766481067,0.47237710766481067,0.0,,,-0.00487299662144706,-0.007988172758096492,-0.003115176136649432,-0.003115176136649432
2015-07-07 08:45:00,181,0.5586535647175295,0.5586535647175295,0.0,,,-0.0028014865203313645,-0.009447542153296214,-0.0066460556329648495,-0.0066460556329648495
2015-07-07 09:00:00,182,0.6272665388504974,0.6272665388504974,0.0,,,-0.005566251433012046,-0.01117307129435059,-0.005606819861338545,-0.005606819861338545
2015-07-07 09:15:00,183,0.7574623157364864,0.7574623157364864,0.0,,,-0.007736284705629797,-0.01254533077700995,-0.004809046071380153,-0.004809046071380153
2015-07-07 09:30:00,184,0.7896076898062053,0.7896076898062053,0.0,,,-0.014763152554649899,-0.015149246314729728,-0.0003860937600798295,-0.0003860937600798295
2015-07-07 09:45:00,185,0.7591078633645443,0.7591078633645443,0.0,,,-0.013437640527696502,-0.015792153796124107,-0.0023545132684276056,-0.0023545132684276056
2015-07-07 10:00:00,186,0.6931002705075382,0.6931002705075382,0.0,,,-0.016800450886676914,-0.015182157267290886,0.0016182936193860284,0.0016182936193860284
2015-07-07 10:15:00,187,0.7803714354011732,0.7803714354011732,0.0,,,-0.022018810761345348,-0.013862005410150764,0.008156805351194583,0.008156805351194583
2015-07-07 10:30:00,188,0.6231764265720808,0.6231764265720808,0.0,,,-0.007029467522350177,-0.015607428708023464,-0.008577961185673288,-0.008577961185673288
2015-07-07 10:45:00,189,0.4373540588198056,0.4373540588198056,0.0,,,-0.01440024850407861,-0.012463528531441616,0.0019367199726369935,0.0019367199726369935
2015-07-07 11:00:00,190,0.6488630271875634,0.6488630271875634,0.0,,,-0.007274507230796321,-0.008747081176396112,-0.0014725739455997908,-0.0014725739455997908
2015-07-07 11:15:00,191,0.26718741514406485,0.26718741514406485,0.0,,,-0.022105278334268372,-0.012977260543751269,0.009128017790517104,0.009128017790517104
2015-07-07 11:30:00,192,0.31032623065338893,0.31032623065338893,0.0,,,-0.01809829374928725,-0.005343748302881297,0.012754545446405955,-0.18808685286242652
2015-06-19 21:00:00,193,-0.1194306216363855,-0.1194306216363855,0.0,,,-0.09743678665847456,0.008971246695339023,0.10640803335381359,0.10640803335381359
2015-06-19 21:15:00,194,-0.10953057010661775,-0.10953057010661775,0.0,,,-0.09761138756727229,0.008360143514546985,0.10597153108181928,0.10597153108181928
2015-06-19 21:30:00,195,-0.09990051998220674,-0.09990051998220674,0.0,,,-0.07423441883236577,0.007667139907463243,0.08190155873982902,0.08190155873982902
2015-06-19 21:45:00,196,-0.09175547758726123,-0.09175547758726123,0.0,,,0.006993036398754472,0.006993036398754472,0.0,0.0
2015-06-19 22:00:00,197,-0.08478044128219724,-0.08478044128219724,0.0,,,0.006422883431108287,0.006422883431108287,0.0,0.0
2015-06-19 22:15:00,198,-0.07875040989588299,-0.07875040989588299,0.0,,,0.005934630889753807,0.005934630889753807,0.0,0.0
2015-06-19 22:30:00,199,-0.07321538108605838,-0.07321538108605838,0.0,,,0.00551252869271181,0.00551252869271181,0.0,0.0
2015-06-19 22:45:00,200,-0.067770352744686,-0.067770352744686,0.0,,,0.005125076676024087,0.005125076676024087,0.0,0.0
2015-06-19 23:00:00,201,-0.06282032697980212,-0.06282032697980212,0.0,,,0.004743924692128021,0.004743924692128021,0.0,0.0
2015-06-19 23:15:00,202,-0.058455304259858995,-0.058455304259858995,0.0,,,0.004397422888586149,0.004397422888586149,0.0,0.0
2015-06-19 23:30:00,203,-0.054810285287534996,-0.054810285287534996,0.0,,,0.00409187129819013,0.00409187129819013,0.0,0.0
2015-06-19 23:45:00,204,-0.052155271468188005,-0.052155271468188005,0.0,,,0.00383671997012745,0.00383671997012745,0.0,0.0
2015-06-20 00:00:00,205,-0.0503102618649135,-0.0503102618649135,0.0,,,0.0036508690027731608,0.0036508690027731608,0.0,0.0
2015-06-20 00:15:00,206,-0.04891525460390025,-0.04891525460390025,0.0,,,0.003521718330543945,0.003521718330543945,0.0,0.0
2015-06-20 00:30:00,207,-0.047925249450923246,-0.047925249450923246,0.0,,,0.0034240678222730177,0.0034240678222730177,0.0,0.0
2015-06-20 00:45:00,208,-0.04711524523485188,-0.04711524523485188,0.0,,,0.0033547674615646275,0.0033547674615646275,0.0,0.0
2015-06-20 01:00:00,209,-0.04648524195568387,-0.04648524195568387,0.0,,,0.003298067166439632,0.003298067166439632,0.0,0.0
2015-06-20 01:15:00,210,-0.04590023891074312,-0.04590023891074312,0.0,,,0.003253966936897871,0.003253966936897871,0.0,0.0
2015-06-20 01:30:00,211,-0.045630237505386376,-0.045630237505386376,0.0,,,0.0032130167237520188,0.0032130167237520188,0.0,0.0
2015-06-20 01:45:00,212,-0.045630237505386376,-0.045630237505386376,0.0,,,0.0031941166253770465,0.0031941166253770465,0.0,0.0
2015-06-20 02:00:00,213,-0.04572023797383863,-0.04572023797383863,0.0,,,0.0031941166253770465,0.0031941166253770465,0.0,0.0
2015-06-20 02:15:00,214,-0.045810238442290874,-0.045810238442290874,0.0,,,0.0032004166581687046,0.0032004166581687046,0.0,0.0
2015-06-20 02:30:00,215,-0.045630237505386376,-0.045630237505386376,0.0,,,0.0032067166909603615,0.0032067166909603615,0.0,0.0
2015-06-20 02:45:00,216,-0.045270235631576256,-0.045270235631576256,0.0,,,0.0031941166253770465,0.0031941166253770465,0.0,0.0
2015-06-20 03:00:00,217,-0.04473023282086162,-0.04473023282086162,0.0,,,0.0031689164942103384,0.0031689164942103384,0.0,0.0
2015-06-20 03:15:00,218,-0.044280230478599254,-0.044280230478599254,0.0,,,0.003131116297460314,0.003131116297460314,0.0,0.0
2015-06-20 03:30:00,219,-0.044190230010147,-0.044190230010147,0.0,,,0.003099616133501948,0.003099616133501948,0.0,0.0
2015-06-20 03:45:00,220,-0.044550231883957125,-0.044550231883957125,0.0,,,0.00309331610071029,0.00309331610071029,0.0,0.0
2015-06-20 04:00:00,221,-0.045540237036934134,-0.045540237036934134,0.0,,,0.003118516231876999,0.003118516231876999,0.0,0.0
2015-06-20 04:15:00,222,-0.04747524710866088,-0.04747524710866088,0.0,,,0.0031878165925853896,0.0031878165925853896,0.0,0.0
2015-06-20 04:30:00,223,-0.05022026139646013,-0.05022026139646013,0.0,,,0.0033232672976062617,0.0033232672976062617,0.0,0.0
2015-06-20 04:45:00,224,-0.054135281774142,-0.054135281774142,0.0,,,0.0035154182977522094,0.0035154182977522094,0.0,0.0
2015-06-20 05:00:00,225,-0.05935530894438263,-0.05935530894438263,0.0,,,0.0037894697241899404,0.0037894697241899404,0.0,0.0
2015-06-20 05:15:00,226,-0.06121920280794495,-0.06121920280794495,0.0,,,0.0041548716261067846,0.0041548716261067846,0.0,0.0
2015-06-20 05:30:00,227,-0.05283938326125503,-0.05283938326125503,0.0,,,0.004285344196556146,0.004285344196556146,0.0,0.0
2015-06-20 05:45:00,228,-0.04724539972425132,-0.04724539972425132,0.0,,,0.0036987568282878525,0.0036987568282878525,0.0,0.0
2015-06-20 06:00:00,229,-0.09657050264946676,-0.09657050264946676,0.0,,,0.0033071779806975927,0.0033071779806975927,0.0,0.0
2015-06-20 06:15:00,230,-0.10885556659322362,-0.10885556659322362,0.0,,,0.006759935185462674,0.006759935185462674,0.0,0.0
2015-06-20 06:30:00,231,-0.12100562983430325,-0.12100562983430325,0.0,,,0.007619889661525654,0.007619889661525654,0.0,0.0
2015-06-20 06:45:00,232,-0.13243568932776262,-0.13243568932776262,0.0,,,0.008470394088401228,0.008470394088401228,0.0,0.0
2015-06-20 07:00:00,233,-0.12811135674333965,-0.12811135674333965,0.0,,,0.009270498252943384,0.009270498252943384,0.0,0.0
2015-06-20 07:15:00,234,0.12754442749484185,0.12754442749484185,0.0,,,0.008967794972033776,0.008967794972033776,0.0,0.0
2015-06-20 07:30:00,235,0.3129668352270404,0.3129668352270404,0.0,,,-0.002550888549896837,-0.002550888549896837,0.0,0.0
2015-06-20 07:45:00,236,0.24961057383833626,0.24961057383833626,0.0,,,-0.0062593367045408075,-0.0062593367045408075,0.0,0.0
2015-06-20 08:00:00,237,0.01170015369785804,0.01170015369785804,0.0,,,-0.004992211476766726,-0.004992211476766726,0.0,0.0
2015-06-20 08:15:00,238,0.21737925822843662,0.21737925822843662,0.0,,,-0.0002340030739571608,-0.0002340030739571608,0.0,0.0
2015-06-20 08:30:00,239,-0.03480569164935296,-0.03480569164935296,0.0,,,-0.004347585164568733,-0.004347585164568733,0.0,0.0
2015-06-20 08:45:00,240,-0.08548081025095415,-0.08548081025095415,0.0,,,0.0024363984154547073,0.0024363984154547073,0.0,0.0
2015-06-20 09:00:00,241,0.09503074330654245,0.09503074330654245,0.0,,,0.005983656717566791,0.005983656717566791,0.0,0.0
2015-06-20 09:15:00,242,0.03043529961941932,0.03043529961941932,0.0,,,-0.001900614866130849,-0.001900614866130849,0.0,0.0
2015-06-20 09:30:00,243,-0.15673950408580986,-0.15673950408580986,0.0,,,-0.0006087059923883864,-0.0006087059923883864,0.0,0.0
2015-06-20 09:45:00,244,0.04889867181917587,0.04889867181917587,0.0,,,0.010971765286006692,0.010971765286006692,0.0,0.0
2015-06-20 10:00:00,245,0.08750143587858603,0.08750143587858603,0.0,,,-0.0009779734363835175,-0.0009779734363835175,0.0,0.0
2015-06-20 10:15:00,246,-0.011458851778079315,-0.011458851778079315,0.0,,,-0.0017500287175717206,-0.0017500287175717206,0.0,0.0
2015-06-20 10:30:00,247,0.11330697872749523,0.11330697872749523,0.0,,,0.0008021196244655522,0.0008021196244655522,0.0,0.0
2015-06-20 10:45:00,248,0.302234202296084,0.302234202296084,0.0,,,-0.0022661395745499045,-0.0022661395745499045,0.0,0.0
2015-06-20 11:00:00,249,0.26025013950435694,0.26025013950435694,0.0,,,-0.00604468404592168,-0.00604468404592168,0.0,0.0
2015-06-20 11:15:00,250,0.2037792738057981,0.2037792738057981,0.0,,,-0.005205002790087139,-0.005205002790087139,0.0,0.0
2015-06-20 11:30:00,251,0.19053071475919053,0.19053071475919053,0.0,,,-0.004075585476115962,-0.004075585476115962,0.0,0.0
2015-06-20 11:45:00,252,0.2625821677112562,0.2625821677112562,0.0,,,-0.003810614295183811,-0.003810614295183811,0.0,0.0
2015-06-20 12:00:00,253,0.08632343896201658,0.08632343896201658,0.0,,,-0.005251643354225124,-0.005251643354225124,0.0,0.0
2015-06-20 12:15:00,254,0.09526739726970476,0.09526739726970476,0.0,,,-0.0017264687792403316,-0.0017264687792403316,0.0,0.0
2015-06-20 12:30:00,255,0.1849404241147805,0.1849404241147805,0.0,,,-0.0019053479453940952,-0.0019053479453940952,0.0,0.0
2015-06-20 12:45:00,256,0.3125103148717596,0.3125103148717596,0.0,,,-0.00369880848229561,-0.00369880848229561,0.0,0.0
2015-06-20 13:00:00,257,0.455434830616486,0.455434830616486,0.0,,,-0.006250206297435192,-0.006250206297435192,0.0,0.0
2015-06-20 13:15:00,258,0.35617905050995646,0.35617905050995646,0.0,,,-0.00910869661232972,-0.00910869661232972,0.0,0.0
2015-06-20 13:30:00,259,0.21503561598465532,0.21503561598465532,0.0,,,-0.007123581010199129,-0.007123581010199129,0.0,0.0
2015-06-20 13:45:00,260,0.15266857759653746,0.15266857759653746,0.0,,,-0.004300712319693106,-0.004300712319693106,0.0,0.0
2015-06-20 14:00:00,261,0.2184362478770967,0.2184362478770967,0.0,,,-0.0030533715519307494,-0.0030533715519307494,0.0,0.0
2015-06-20 14:15:00,262,0.22710054041664862,0.22710054041664862,0.0,,,-0.004368724957541934,-0.004368724957541934,0.0,0.0
2015-06-20 14:30:00,263,0.06681877010018561,0.06681877010018561,0.0,,,-0.004542010808332973,-0.004542010808332973,0.0,0.0
2015-06-20 14:45:00,264,-0.03517217860103972,-0.03517217860103972,0.0,,,-0.0013363754020037121,-0.0013363754020037121,0.0,0.0
2015-06-20 15:00:00,265,-0.057157024591302244,-0.057157024591302244,0.0,,,0.002462052502072781,0.002462052502072781,0.0,0.0
2015-06-20 15:15:00,266,-0.0206366258145691,-0.0206366258145691,0.0,,,0.0040009917213911575,0.0040009917213911575,0.0,0.0
2015-06-20 15:30:00,267,0.013584105926137124,0.013584105926137124,0.0,,,0.001444563807019837,0.001444563807019837,0.0,0.0
2015-06-20 15:45:00,268,0.01751242702923675,0.01751242702923675,0.0,,,-0.0002716821185227425,-0.0002716821185227425,0.0,0.0
2015-06-20 16:00:00,269,0.06462692216420167,0.06462692216420167,0.0,,,-0.00035024854058473496,-0.00035024854058473496,0.0,0.0
2015-06-20 16:15:00,270,0.00424734676165793,0.00424734676165793,0.0,,,-0.0012925384432840334,-0.0012925384432840334,0.0,0.0
2015-06-20 16:30:00,271,-0.10801493329195387,-0.10801493329195387,0.0,,,-8.494693523315861e-05,-8.494693523315861e-05,0.0,0.0
2015-06-20 16:45:00,272,-0.11411013854477825,-0.11411013854477825,0.0,,,0.0075610453304367714,0.0075610453304367714,0.0,0.0
2015-06-20 17:00:00,273,-0.13702571321883752,-0.13702571321883752,0.0,,,0.007987709698134478,0.007987709698134478,0.0,0.0
2015-06-20 17:15:00,274,-0.14242574132598373,-0.14242574132598373,0.0,,,0.009591799925318627,0.009591799925318627,0.0,0.0
2015-06-20 17:30:00,275,-0.14616076076676002,-0.14616076076676002,0.0,,,0.009969801892818863,0.009969801892818863,0.0,0.0
2015-06-20 17:45:00,276,-0.14764576849622552,-0.14764576849622552,0.0,,,0.010231253253673201,0.010231253253673201,0.0,0.0
2015-06-20 18:00:00,277,-0.14706076545128366,-0.14706076545128366,0.0,,,0.010335203794735787,0.010335203794735787,0.0,0.0
2015-06-20 18:15:00,278,-0.14544075701913978,-0.14544075701913978,0.0,,,0.010294253581589858,0.010294253581589858,0.0,0.0
2015-06-20 18:30:00,279,-0.14314574507360286,-0.14314574507360286,0.0,,,0.010180852991339785,0.010180852991339785,0.0,0.0
2015-06-20 18:45:00,280,-0.14076073265961375,-0.14076073265961375,0.0,,,0.0100202021551522,0.0100202021551522,0.0,0.0
2015-06-20 19:00:00,281,-0.13855572118252915,-0.13855572118252915,0.0,,,0.009853251286172964,0.009853251286172964,0.0,0.0
2015-06-20 19:15:00,282,-0.13657571087657513,-0.13657571087657513,0.0,,,0.009698900482777042,0.009698900482777042,0.0,0.0
2015-06-20 19:30:00,283,-0.1347307012733006,-0.1347307012733006,0.0,,,0.00956029976136026,0.00956029976136026,0.0,0.0
2015-06-20 19:45:00,284,-0.13297569213847726,-0.13297569213847726,0.0,,,0.009431149089131044,0.009431149089131044,0.0,0.0
2015-06-20 20:00:00,285,-0.13081568089561874,-0.13081568089561874,0.0,,,0.009308298449693409,0.009308298449693409,0.0,0.0
2015-06-20 20:15:00,286,-0.12730566262597423,-0.12730566262597423,0.0,,,0.009157097662693313,0.009157097662693313,0.0,0.0
2015-06-20 20:30:00,287,-0.12181563405037575,-0.12181563405037575,0.0,,,0.008911396383818196,0.008911396383818196,0.0,0.0
2015-06-20 20:45:00,288,-0.11380559235810862,-0.11380559235810862,0.0,,,0.008527094383526303,0.008527094383526303,0.0,-0.9674876058207436
2015-07-11 01:30:00,289,-0.04432523071282538,-0.04432523071282538,0.0,,,-0.09910809535763633,0.0031216662482728276,0.10222976160590916,0.10222976160590916
2015-07-11 01:45:00,290,-0.04432523071282538,-0.04432523071282538,0.0,,,-0.09911349538574349,0.003102766149897777,0.10221626153564127,0.10221626153564127
2015-07-11 02:00:00,291,-0.04441523118127875,-0.04441523118127875,0.0,,,-0.09911349538574349,0.003102766149897777,0.10221626153564127,0.10221626153564127
2015-07-11 02:15:00,292,-0.044505231649731,-0.044505231649731,0.0,,,-0.027480412236954393,0.0031090661826895126,0.030589478419643906,0.030589478419643906
2015-07-11 02:30:00,293,-0.04432523071282538,-0.04432523071282538,0.0,,,0.0031153662154811703,0.0031153662154811703,0.0,0.0
2015-07-11 02:45:00,294,-0.04396522883901638,-0.04396522883901638,0.0,,,0.003102766149897777,0.003102766149897777,0.0,0.0
2015-07-11 03:00:00,295,-0.04342522602830175,-0.04342522602830175,0.0,,,0.0030775660187311467,0.0030775660187311467,0.0,0.0
2015-07-11 03:15:00,296,-0.04297522368603937,-0.04297522368603937,0.0,,,0.0030397658219811228,0.0030397658219811228,0.0,0.0
2015-07-11 03:30:00,297,-0.04288522321758712,-0.04288522321758712,0.0,,,0.003008265658022756,0.003008265658022756,0.0,0.0
2015-07-11 03:45:00,298,-0.043245225091396125,-0.043245225091396125,0.0,,,0.0030019656252310988,0.0030019656252310988,0.0,0.0
2015-07-11 04:00:00,299,-0.04423523024437313,-0.04423523024437313,0.0,,,0.0030271657563977292,0.0030271657563977292,0.0,0.0
2015-07-11 04:15:00,300,-0.04608023984764875,-0.04608023984764875,0.0,,,0.0030964661171061195,0.0030964661171061195,0.0,0.0
2015-07-11 04:30:00,301,-0.048735253666995756,-0.048735253666995756,0.0,,,0.0032256167893354127,0.0032256167893354127,0.0,0.0
2015-07-11 04:45:00,302,-0.05256027357622425,-0.05256027357622425,0.0,,,0.003411467756689703,0.003411467756689703,0.0,0.0
2015-07-11 05:00:00,303,-0.0576453000437865,-0.0576453000437865,0.0,,,0.003679219150335698,0.003679219150335698,0.0,0.0
2015-07-11 05:15:00,304,-0.06421533424081426,-0.06421533424081426,0.0,,,0.004035171003065055,0.004035171003065055,0.0,0.0
2015-07-11 05:30:00,305,-0.07245037710421313,-0.07245037710421313,0.0,,,0.004495073396856998,0.004495073396856998,0.0,0.0
2015-07-11 05:45:00,306,-0.0758622722127487,-0.0758622722127487,0.0,,,0.00507152639729492,0.00507152639729492,0.0,0.0
2015-07-11 06:00:00,307,0.00030678359984348536,0.00030678359984348536,0.0,,,0.00531035905489241,0.00531035905489241,0.0,0.0
2015-07-11 06:15:00,308,0.05924139068006646,0.05924139068006646,0.0,,,-6.135671996869707e-06,-6.135671996869707e-06,0.0,0.0
2015-07-11 06:30:00,309,0.08887995450900324,0.08887995450900324,0.0,,,-0.0011848278136013292,-0.0011848278136013292,0.0,0.0
2015-07-11 06:45:00,310,0.0364647606900019,0.0364647606900019,0.0,,,-0.0017775990901800647,-0.0017775990901800647,0.0,0.0
2015-07-11 07:00:00,311,0.14907789094638718,0.14907789094638718,0.0,,,-0.000729295213800038,-0.000729295213800038,0.0,0.0
2015-07-11 07:15:00,312,0.12943154876534246,0.12943154876534246,0.0,,,-0.002981557818927744,-0.002981557818927744,0.0,0.0
2015-07-11 07:30:00,313,0.2542630422302734,0.2542630422302734,0.0,,,-0.0025886309753068494,-0.0025886309753068494,0.0,0.0
2015-07-11 07:45:00,314,0.1478754417797468,0.1478754417797468,0.0,,,-0.004662735438721678,-0.005085260844605468,-0.0004225254058837901,-0.0004225254058837901
2015-07-11 08:00:00,315,0.16816717274457652,0.16816717274457652,0.0,,,0.009505326310235583,-0.002957508835594936,-0.01246283514583052,-0.01246283514583052
2015-07-11 08:15:00,316,0.25040288525173116,0.25040288525173116,0.0,,,0.0038575169432164985,-0.0033633434548915302,-0.007220860398108028,-0.007220860398108028
2015-07-11 08:30:00,317,0.3996125440446867,0.3996125440446867,0.0,,,-0.004652131695685096,-0.005008057705034623,-0.00035592600934952756,-0.00035592600934952756
2015-07-11 08:45:00,318,0.49304752296004095,0.49304752296004095,0.0,,,-0.0005297775045560861,-0.007992250880893734,-0.0074624733763376475,-0.0074624733763376475
2015-07-11 09:00:00,319,0.5985965714991585,0.5985965714991585,0.0,,,0.002068775955168844,-0.00986095045920082,-0.011929726414369663,-0.011929726414369663
2015-07-11 09:15:00,320,0.6669169683348409,0.6669169683348409,0.0,,,-0.0027884959645920588,-0.011971931429983169,-0.00918343546539111,-0.00918343546539111
2015-07-11 09:30:00,321,0.7048804016598254,0.7048804016598254,0.0,,,-0.007282372448904149,-0.013338339366696818,-0.006055966917792669,-0.006055966917792669
2015-07-11 09:45:00,322,0.7885718431539068,0.7885718431539068,0.0,,,-0.006969122617244524,-0.014097608033196507,-0.007128485415951983,-0.007128485415951983
2015-07-11 10:00:00,323,0.8514409430872057,0.8514409430872057,0.0,,,-0.018222962405056935,-0.015771436863078137,0.002451525541978798,0.002451525541978798
2015-07-11 10:15:00,324,0.9061544621627589,0.9061544621627589,0.0,,,-0.008151446118689499,-0.017028818861744115,-0.008877372743054616,-0.008877372743054616
2015-07-11 10:30:00,325,0.9607057562645257,0.9607057562645257,0.0,,,-0.011880013997621348,-0.01812308924325518,-0.00624307524563383,-0.00624307524563383
2015-07-11 10:45:00,326,1.0048629391501995,1.0048629391501995,0.0,,,-0.017482021656154974,-0.019214115125290514,-0.00173209346913554,-0.00173209346913554
2015-07-11 11:00:00,327,1.0598743475376213,1.0598743475376213,0.0,,,-0.022520155192822865,-0.02009725878300399,0.002422896409818874,0.002422896409818874
2015-07-11 11:15:00,328,1.0465159683447731,1.0465159683447731,0.0,,,-0.028120018774940206,-0.021197486950752426,0.00692253182418778,0.00692253182418778
2015-07-11 11:30:00,329,0.6366044042325746,0.6366044042325746,0.0,,,-0.03010236727991994,-0.02093031936689546,0.009172047913024478,0.009172047913024478
2015-07-11 11:45:00,330,0.8368229410786787,0.8368229410786787,0.0,,,-0.020801926354764504,-0.012732088084651491,0.008069838270113013,0.008069838270113013
2015-07-11 12:00:00,331,1.1235902345956834,1.1235902345956834,0.0,,,-0.028173493813050232,-0.016736458821573576,0.011437034991476656,0.011437034991476656
2015-07-11 12:15:00,332,1.0741076367203053,1.0741076367203053,0.0,,,-0.029333345542253166,-0.02247180469191367,0.006861540850339496,0.006861540850339496
2015-07-11 12:30:00,333,1.0693595730625443,1.0693595730625443,0.0,,,-0.02560559818580424,-0.021482152734406106,0.004123445451398134,0.004123445451398134
2015-07-11 12:45:00,334,1.0293351583678514,1.0293351583678514,0.0,,,-0.028838697146856846,-0.021387191461250885,0.0074515056856059615,0.0074515056856059615
2015-07-11 13:00:00,335,1.0073012338302245,1.0073012338302245,0.0,,,-0.021304036169504874,-0.02058670316735703,0.000717333002147845,0.000717333002147845
2015-07-11 13:15:00,336,0.8714653865503397,0.8714653865503397,0.0,,,-0.022577569917970434,-0.02014602467660449,0.002431545241365945,0.002431545241365945
2015-07-11 13:30:00,337,0.7920260011368117,0.7920260011368117,0.0,,,-0.021724508555751264,-0.017429307731006795,0.00429520082474447,0.00429520082474447
2015-07-11 13:45:00,338,0.7419746343172364,0.7419746343172364,0.0,,,-0.017536264874358762,-0.015840520022736233,0.0016957448516225285,0.0016957448516225285
2015-07-11 14:00:00,339,0.7690947783130719,0.7690947783130719,0.0,,,-0.014839492686344729,-0.014839492686344729,0.0,0.0
2015-07-11 14:15:00,340,0.7158237376280664,0.7158237376280664,0.0,,,-0.015381895566261438,-0.015381895566261438,0.0,0.0
2015-07-11 14:30:00,341,0.7082142024412285,0.7082142024412285,0.0,,,-0.014316474752561328,-0.014316474752561328,0.0,0.0
2015-07-11 14:45:00,342,0.6306059186609412,0.6306059186609412,0.0,,,-0.014164284048824569,-0.014164284048824569,0.0,0.0
2015-07-11 15:00:00,343,0.5455775572383622,0.5455775572383622,0.0,,,-0.012612118373218824,-0.012612118373218824,0.0,0.0
2015-07-11 15:15:00,344,0.4575946370065084,0.4575946370065084,0.0,,,-0.007998064187217194,-0.010911551144767244,-0.0029134869575500495,-0.0029134869575500495
2015-07-11 15:30:00,345,0.411712478744222,0.411712478744222,0.0,,,-0.0008193076921129734,-0.009151892740130167,-0.008332585048017194,-0.008332585048017194
2015-07-11 15:45:00,346,0.34649463251642987,0.34649463251642987,0.0,,,0.007172674401256192,-0.008234249574884441,-0.015406923976140633,-0.015406923976140633
2015-07-11 16:00:00,347,0.26581393094457684,0.26581393094457684,0.0,,,0.04198097409212041,-0.006929892650328597,-0.04891086674244901,-0.04891086674244901
2015-07-11 16:15:00,348,0.18470559661389296,0.18470559661389296,0.0,,,0.035933481182055534,-0.005316278618891537,-0.04124975980094707,-0.04124975980094707
2015-07-11 16:30:00,349,0.05292276605384508,0.05292276605384508,0.0,,,0.02848314106707304,-0.0036941119322778594,-0.032177252999350904,-0.032177252999350904
2015-07-11 16:45:00,350,0.06305510155315452,0.06305510155315452,0.0,,,0.13668967042921884,-0.0010584553210769016,-0.13774812575029574,-0.13774812575029574
2015-07-11 17:00:00,351,-0.0318369114995842,-0.0318369114995842,0.0,,,0.09067568575703237,-0.0012611020310630905,-0.09193678778809547,-0.09193678778809547
2015-07-11 17:15:00,352,-0.047011576969046814,-0.047011576969046814,0.0,,,0.13242056559742085,0.0022285838049708943,-0.13019198179244995,-0.13019198179244995
2015-07-11 17:30:00,353,-0.0802527199189505,-0.0802527199189505,0.0,,,0.16376623730014103,0.003290810387833277,-0.16047542691230776,-0.16047542691230776
2015-07-11 17:45:00,354,-0.10602520268359085,-0.10602520268359085,0.0,,,0.1612363639573301,0.005617690394326536,-0.15561867356300357,-0.15561867356300357
2015-07-11 18:00:00,355,-0.1390119635253049,-0.1390119635253049,0.0,,,0.1356690460968403,0.00742176418785136,-0.12824728190898893,-0.12824728190898893
2015-07-11 18:15:00,356,-0.14116573476765,-0.14116573476765,0.0,,,0.07687255586417743,0.009730837446771343,-0.06714171841740608,-0.06714171841740608
2015-07-11 18:30:00,357,-0.13896072329056428,-0.13896072329056428,0.0,,,-0.01319615914522393,0.0098816014337355,0.02307776057895943,0.02307776057895943
2015-07-11 18:45:00,358,-0.1366657113450274,-0.1366657113450274,0.0,,,-0.04890335228217804,0.0097272506303395,0.058630602912517545,0.058630602912517545
2015-07-11 19:00:00,359,-0.1345057001021689,-0.1345057001021689,0.0,,,-0.0851509032737861,0.009566599794151918,0.09471750306793802,0.09471750306793802
2015-07-11 19:15:00,360,-0.1325706900304421,-0.1325706900304421,0.0,,,-0.09730988599795662,0.009415399007151824,0.10672528500510844,0.10672528500510844
2015-07-11 19:30:00,361,-0.13081568089561874,-0.13081568089561874,0.0,,,-0.06024840725077438,0.009279948302130948,0.06952835555290532,0.06952835555290532
2015-07-11 19:45:00,362,-0.12910567199502263,-0.12910567199502263,0.0,,,0.009157097662693313,0.009157097662693313,0.0,0.0
2015-07-11 20:00:00,363,-0.12699066098639025,-0.12699066098639025,0.0,,,0.009037397039651585,0.009037397039651585,0.0,0.0
2015-07-11 20:15:00,364,-0.12361564341942412,-0.12361564341942412,0.0,,,0.008889346269047319,0.008889346269047319,0.0,0.0
2015-07-11 20:30:00,365,-0.118260615546504,-0.118260615546504,0.0,,,0.008653095039359689,0.008653095039359689,0.0,0.0
2015-07-11 20:45:00,366,-0.11047557502536749,-0.11047557502536749,0.0,,,0.008278243088255281,0.008278243088255281,0.0,0.0
2015-07-11 21:00:00,367,-0.10107052607208825,-0.10107052607208825,0.0,,,0.007733290251775726,0.007733290251775726,0.0,0.0
2015-07-11 21:15:00,368,-0.09103547383964099,-0.09103547383964099,0.0,,,0.007074936825046178,0.007074936825046178,0.0,0.0
2015-07-11 21:30:00,369,-0.08131542324677775,-0.08131542324677775,0.0,,,0.00637248316877487,0.00637248316877487,0.0,0.0
2015-07-11 21:45:00,370,-0.07663539888725174,-0.07663539888725174,0.0,,,0.005692079627274443,0.005692079627274443,0.0,0.0
2015-07-11 22:00:00,371,-0.0682653553211745,-0.0682653553211745,0.0,,,0.005364477922107622,0.005364477922107622,0.0,0.0
2015-07-11 22:15:00,372,-0.061110318079206,-0.061110318079206,0.0,,,0.004778574872482216,0.004778574872482216,0.0,0.0
2015-07-11 22:30:00,373,-0.055395288332475756,-0.055395288332475756,0.0,,,0.00427772226554442,0.00427772226554442,0.0,0.0
2015-07-11 22:45:00,374,-0.051480267954794996,-0.051480267954794996,0.0,,,0.0038776701832733034,0.0038776701832733034,0.0,0.0
2015-07-11 23:00:00,375,-0.04905025530657863,-0.04905025530657863,0.0,,,0.00360361875683565,0.00360361875683565,0.0,0.0
2015-07-11 23:15:00,376,-0.04756524757711313,-0.04756524757711313,0.0,,,0.0034335178714605045,0.0034335178714605045,0.0,0.0
2015-07-11 23:30:00,377,-0.04648524195568387,-0.04648524195568387,0.0,,,0.00332956733039792,0.00332956733039792,0.0,0.0
2015-07-11 23:45:00,378,-0.045495236802708006,-0.045495236802708006,0.0,,,0.003253966936897871,0.003253966936897871,0.0,0.0
2015-07-12 00:00:00,379,-0.044640232352409374,-0.044640232352409374,0.0,,,0.0031846665761895605,0.0031846665761895605,0.0,0.0
2015-07-12 00:15:00,380,-0.04365022719943238,-0.04365022719943238,0.0,,,0.0031248162646686567,0.0031248162646686567,0.0,0.0
2015-07-12 00:30:00,381,-0.042840222983360994,-0.042840222983360994,0.0,,,0.003055515903960267,0.003055515903960267,0.0,0.0
2015-07-12 00:45:00,382,-0.042165219469966875,-0.042165219469966875,0.0,,,0.0029988156088352697,0.0029988156088352697,0.0,0.0
2015-07-12 01:00:00,383,-0.04162521665925225,-0.04162521665925225,0.0,,,0.0029515653628976817,0.0029515653628976817,0.0,0.0
2015-07-12 01:15:00,384,-0.04126521478544325,-0.04126521478544325,0.0,,,0.0029137651661476577,0.0029137651661476577,0.0,-1.14929050901203
2015-11-20 14:15:00,385,-0.1908459933533955,-0.1908459933533955,0.0,,,-0.09610477972537847,0.013633270961175338,0.1097380506865538,0.1097380506865538
2015-11-20 14:30:00,386,-0.18733597508374988,-0.18733597508374988,0.0,,,0.012060757875503987,0.013359219534737687,0.0012984616592336996,0.0012984616592336996
2015-11-20 14:45:00,387,-0.1841859586879155,-0.1841859586879155,0.0,,,0.013113518255862494,0.013113518255862494,0.0,0.0
2015-11-20 15:00:00,388,-0.1815309448685685,-0.1815309448685685,0.0,,,0.012893017108154088,0.012893017108154088,0.0,0.0
2015-11-20 15:15:00,389,-0.17941593385993612,-0.17941593385993612,0.0,,,0.012707166140799796,0.012707166140799796,0.0,0.0
2015-11-20 15:30:00,390,-0.17788592589624452,-0.17788592589624452,0.0,,,0.01255911537019553,0.01255911537019553,0.0,0.0
2015-11-20 15:45:00,391,-0.17716592214862426,-0.17716592214862426,0.0,,,0.012452014812737118,0.012452014812737118,0.0,0.0
2015-11-20 16:00:00,392,-0.17815592730160126,-0.17815592730160126,0.0,,,0.012401614550403698,0.012401614550403698,0.0,0.0
2015-11-20 16:15:00,393,-0.18216094814773537,-0.18216094814773537,0.0,,,0.01247091491111209,0.01247091491111209,0.0,0.0
2015-11-20 16:30:00,394,-0.19048599147958536,-0.19048599147958536,0.0,,,0.012751266370341477,0.012751266370341477,0.0,0.0
2015-11-20 16:45:00,395,-0.20353605940518973,-0.20353605940518973,0.0,,,0.013334019403570976,0.013334019403570976,0.0,0.0
2015-11-20 17:00:00,396,-0.21951114255549672,-0.21951114255549672,0.0,,,0.014247524158363284,0.014247524158363284,0.0,0.0
2015-11-20 17:15:00,397,-0.2356212264084833,-0.2356212264084833,0.0,,,0.015365779978884771,0.015365779978884771,0.0,0.0
2015-11-20 17:30:00,398,-0.24907629644212273,-0.24907629644212273,0.0,,,0.016493485848593833,0.016493485848593833,0.0,0.0
2015-11-20 17:45:00,399,-0.2579863428189146,-0.2579863428189146,0.0,,,0.017435340750948592,0.017435340750948592,0.0,0.0
2015-11-20 18:00:00,400,-0.2628913683495724,-0.2628913683495724,0.0,,,0.018059043997324022,0.018059043997324022,0.0,0.0
2015-11-20 18:15:00,401,-0.265411381466241,-0.265411381466241,0.0,,,0.018402395784470067,0.018402395784470067,0.0,0.0
2015-11-20 18:30:00,402,-0.2668063887272531,-0.2668063887272531,0.0,,,0.01857879670263687,0.01857879670263687,0.0,0.0
2015-11-20 18:45:00,403,-0.268066395285588,-0.268066395285588,0.0,,,0.018676447210907717,0.018676447210907717,0.0,0.0
2015-11-20 19:00:00,404,-0.2677963938802301,-0.2677963938802301,0.0,,,0.018764647669991162,0.018764647669991162,0.0,0.0
2015-11-20 19:15:00,405,-0.26455637701594237,-0.26455637701594237,0.0,,,0.01874574757161611,0.01874574757161611,0.0,0.0
2015-11-20 19:30:00,406,-0.25636633438677076,-0.25636633438677076,0.0,,,0.018518946391115967,0.018518946391115967,0.0,0.0
2015-11-20 19:45:00,407,-0.24255126247932113,-0.24255126247932113,0.0,,,0.017945643407073955,0.017945643407073955,0.0,0.0
2015-11-20 20:00:00,408,-0.22504617136532248,-0.22504617136532248,0.0,,,0.01697858837355248,0.01697858837355248,0.0,0.0
2015-11-20 20:15:00,409,-0.20668607580102413,-0.20668607580102413,0.0,,,0.015753231995572575,0.015753231995572575,0.0,0.0
2015-11-20 20:30:00,410,-0.19048599147958536,-0.19048599147958536,0.0,,,0.014468025306071691,0.014468025306071691,0.0,0.0
2015-11-20 20:45:00,411,-0.17842592870695914,-0.17842592870695914,0.0,,,0.013334019403570976,0.013334019403570976,0.0,0.0
2015-11-20 21:00:00,412,-0.170100885375108,-0.170100885375108,0.0,,,0.012489815009487142,0.012489815009487142,0.0,0.0
2015-11-20 21:15:00,413,-0.16470085726796174,-0.16470085726796174,0.0,,,0.011907061976257561,0.011907061976257561,0.0,0.0
2015-11-20 21:30:00,414,-0.16119083899831727,-0.16119083899831727,0.0,,,0.011529060008757324,0.011529060008757324,0.0,0.0
2015-11-20 21:45:00,415,-0.15853582517897025,-0.15853582517897025,0.0,,,0.011283358729882209,0.011283358729882209,0.0,0.0
2015-11-20 22:00:00,416,-0.15601581206230164,-0.15601581206230164,0.0,,,0.011097507762527919,0.011097507762527919,0.0,0.0
2015-11-20 22:15:00,417,-0.1528657956664661,-0.1528657956664661,0.0,,,0.010921106844361116,0.010921106844361116,0.0,0.0
2015-11-20 22:30:00,418,-0.14859077341497526,-0.14859077341497526,0.0,,,0.010700605696652628,0.010700605696652628,0.0,0.0
2015-11-20 22:45:00,419,-0.14256074202866212,-0.14256074202866212,0.0,,,0.01040135413904827,0.01040135413904827,0.0,0.0
2015-11-20 23:00:00,420,-0.1350457029128835,-0.1350457029128835,0.0,,,0.00997925194200635,0.00997925194200635,0.0,0.0
2015-11-20 23:15:00,421,-0.1267206595810335,-0.1267206595810335,0.0,,,0.009453199203901846,0.009453199203901846,0.0,0.0
2015-11-20 23:30:00,422,-0.11830561578073014,-0.11830561578073014,0.0,,,0.008870446170672347,0.008870446170672347,0.0,0.0
2015-11-20 23:45:00,423,-0.11038557455691525,-0.11038557455691525,0.0,,,0.00828139310465111,0.00828139310465111,0.0,0.0
2015-11-21 00:00:00,424,-0.10233053263042201,-0.10233053263042201,0.0,,,0.007726990218984068,0.007726990218984068,0.0,0.0
2015-11-21 00:15:00,425,-0.09463549257773886,-0.09463549257773886,0.0,,,0.007163137284129541,0.007163137284129541,0.0,0.0
2015-11-21 00:30:00,426,-0.08721045393041252,-0.08721045393041252,0.0,,,0.006624484480441721,0.006624484480441721,0.0,0.0
2015-11-21 00:45:00,427,-0.08001041645421784,-0.08001041645421784,0.0,,,0.006104731775128877,0.006104731775128877,0.0,0.0
2015-11-21 01:00:00,428,-0.07344038225719013,-0.07344038225719013,0.0,,,0.00560072915179525,0.00560072915179525,0.0,0.0
2015-11-21 01:15:00,429,-0.06763535204200762,-0.06763535204200762,0.0,,,0.00514082675800331,0.00514082675800331,0.0,0.0
2015-11-21 01:30:00,430,-0.0629553276824805,-0.0629553276824805,0.0,,,0.004734474642940534,0.004734474642940534,0.0,0.0
2015-11-21 01:45:00,431,-0.05967031058396663,-0.05967031058396663,0.0,,,0.004406872937773635,0.004406872937773635,0.0,0.0
2015-11-21 02:00:00,432,-0.05742029887265588,-0.05742029887265588,0.0,,,0.004176921740877664,0.004176921740877664,0.0,0.0
2015-11-21 02:15:00,433,-0.055755290206285876,-0.055755290206285876,0.0,,,0.004019420921085912,0.004019420921085912,0.0,0.0
2015-11-21 02:30:00,434,-0.0546302843506305,-0.0546302843506305,0.0,,,0.003902870314440012,0.003902870314440012,0.0,0.0
2015-11-21 02:45:00,435,-0.053505278494975134,-0.053505278494975134,0.0,,,0.0038241199045441353,0.0038241199045441353,0.0,0.0
2015-11-21 03:00:00,436,-0.052380272639318624,-0.052380272639318624,0.0,,,0.0037453694946482595,0.0037453694946482595,0.0,0.0
2015-11-21 03:15:00,437,-0.0513452672521155,-0.0513452672521155,0.0,,,0.003666619084752304,0.003666619084752304,0.0,0.0
2015-11-21 03:30:00,438,-0.050490262801818,-0.050490262801818,0.0,,,0.0035941687076480855,0.0035941687076480855,0.0,0.0
2015-11-21 03:45:00,439,-0.04959025811729324,-0.04959025811729324,0.0,,,0.0035343183961272606,0.0035343183961272606,0.0,0.0
2015-11-21 04:00:00,440,-0.048960254838126376,-0.048960254838126376,0.0,,,0.0034713180682105272,0.0034713180682105272,0.0,0.0
2015-11-21 04:15:00,441,-0.048600252964316255,-0.048600252964316255,0.0,,,0.003427217838668847,0.003427217838668847,0.0,0.0
2015-11-21 04:30:00,442,-0.048330251558959494,-0.048330251558959494,0.0,,,0.0034020177075021383,0.0034020177075021383,0.0,0.0
2015-11-21 04:45:00,443,-0.048330251558959494,-0.048330251558959494,0.0,,,0.003383117609127165,0.003383117609127165,0.0,0.0
2015-11-21 05:00:00,444,-0.04846525226163787,-0.04846525226163787,0.0,,,0.003383117609127165,0.003383117609127165,0.0,0.0
2015-11-21 05:15:00,445,-0.048825254135448,-0.048825254135448,0.0,,,0.0033925676583146515,0.0033925676583146515,0.0,0.0
2015-11-21 05:30:00,446,-0.049320256711936496,-0.049320256711936496,0.0,,,0.0034177677894813604,0.0034177677894813604,0.0,0.0
2015-11-21 05:45:00,447,-0.05008526069378175,-0.05008526069378175,0.0,,,0.003452417969835555,0.003452417969835555,0.0,0.0
2015-11-21 06:00:00,448,-0.05098526537830649,-0.05098526537830649,0.0,,,0.0035059682485647226,0.0035059682485647226,0.0,0.0
2015-11-21 06:15:00,449,-0.05211027123396188,-0.05211027123396188,0.0,,,0.0035689685764814546,0.0035689685764814546,0.0,0.0
2015-11-21 06:30:00,450,-0.053505278494975134,-0.053505278494975134,0.0,,,0.0036477189863773317,0.0036477189863773317,0.0,0.0
2015-11-21 06:45:00,451,-0.05553028903515412,-0.05553028903515412,0.0,,,0.0037453694946482595,0.0037453694946482595,0.0,0.0
2015-11-21 07:00:00,452,-0.058815306133668,-0.058815306133668,0.0,,,0.003887120232460789,0.003887120232460789,0.0,0.0
2015-11-21 07:15:00,453,-0.06448533564617212,-0.06448533564617212,0.0,,,0.00411707142935676,0.00411707142935676,0.0,0.0
2015-11-21 07:30:00,454,-0.0735753829598685,-0.0735753829598685,0.0,,,0.004513973495232049,0.004513973495232049,0.0,0.0
2015-11-21 07:45:00,455,-0.08658045065124563,-0.08658045065124563,0.0,,,0.005150276807190796,0.005150276807190796,0.0,0.0
2015-11-21 08:00:00,456,-0.10260053403577986,-0.10260053403577986,0.0,,,0.006060631545587195,0.006060631545587195,0.0,0.0
2015-11-21 08:15:00,457,-0.12010562514977849,-0.12010562514977849,0.0,,,0.007182037382504591,0.007182037382504591,0.0,0.0
2015-11-21 08:30:00,458,-0.137520715795326,-0.137520715795326,0.0,,,0.008407393760484496,0.008407393760484496,0.0,0.0
2015-11-21 08:45:00,459,-0.15381080058521698,-0.15381080058521698,0.0,,,0.00962645010567282,0.00962645010567282,0.0,0.0
2015-11-21 09:00:00,460,-0.16870587811409588,-0.16870587811409588,0.0,,,0.01076675604096519,0.01076675604096519,0.0,0.0
2015-11-21 09:15:00,461,-0.18220594838196147,-0.18220594838196147,0.0,,,0.011809411467986712,0.011809411467986712,0.0,0.0
2015-11-21 09:30:00,462,-0.0915995195721959,-0.0915995195721959,0.0,,,0.012754416386737305,0.012754416386737305,0.0,0.0
2015-11-21 09:45:00,463,-0.20515606783733362,-0.20515606783733362,0.0,,,0.006411966370053714,0.006411966370053714,0.0,0.0
2015-11-21 10:00:00,464,-0.06924694120360705,-0.06924694120360705,0.0,,,0.014360924748613354,0.014360924748613354,0.0,0.0
2015-11-21 10:15:00,465,0.008280490661531137,0.008280490661531137,0.0,,,0.004847285884252494,0.004847285884252494,0.0,0.0
2015-11-21 10:30:00,466,0.03312073933124052,0.03312073933124052,0.0,,,-0.00016560981323062273,-0.00016560981323062273,0.0,0.0
2015-11-21 10:45:00,467,0.031116608353522094,0.031116608353522094,0.0,,,-0.0006624147866248104,-0.0006624147866248104,0.0,0.0
2015-11-21 11:00:00,468,0.01895390467270225,0.01895390467270225,0.0,,,-0.0006223321670704419,-0.0006223321670704419,0.0,0.0
2015-11-21 11:15:00,469,-0.040320668955491135,-0.040320668955491135,0.0,,,-0.000379078093454045,-0.000379078093454045,0.0,0.0
2015-11-21 11:30:00,470,-0.04386774579329364,-0.04386774579329364,0.0,,,0.0028224468268843797,0.0028224468268843797,0.0,0.0
2015-11-21 11:45:00,471,-0.06917897578460666,-0.06917897578460666,0.0,,,0.003070742205530555,0.003070742205530555,0.0,0.0
2015-11-21 12:00:00,472,-0.26523138052933537,-0.26523138052933537,0.0,,,0.004842528304922467,0.004842528304922467,0.0,0.0
2015-11-21 12:15:00,473,-0.11547590630827578,-0.11547590630827578,0.0,,,0.018566196637053476,0.018566196637053476,0.0,0.0
2015-11-21 12:30:00,474,-0.0013428426765718093,-0.0013428426765718093,0.0,,,0.008083313441579306,0.008083313441579306,0.0,0.0
2015-11-21 12:45:00,475,-0.009676884064974883,-0.009676884064974883,0.0,,,9.399898736002667e-05,9.399898736002667e-05,0.0,0.0
2015-11-21 13:00:00,476,-0.03608909285004555,-0.03608909285004555,0.0,,,0.0006773818845482418,0.0006773818845482418,0.0,0.0
2015-11-21 13:15:00,477,-0.04901003067736728,-0.04901003067736728,0.0,,,0.0025262364995031887,0.0025262364995031887,0.0,0.0
2015-11-21 13:30:00,478,-0.07125784760086437,-0.07125784760086437,0.0,,,0.00343070214741571,0.00343070214741571,0.0,0.0
2015-11-21 13:45:00,479,-0.10096173783265652,-0.10096173783265652,0.0,,,0.004988049332060506,0.004988049332060506,0.0,0.0
2015-11-21 14:00:00,480,-0.1517211322442878,-0.1517211322442878,0.0,,,0.007067321648285958,0.007067321648285958,0.0,-0.35129846165923373
2015-08-09 12:45:00,481,0.6996022761073835,0.6996022761073835,0.0,,,-0.11179696879510424,-0.01743943057183764,0.0943575382232666,0.0943575382232666
2015-08-09 13:00:00,482,0.8586363101716932,0.8586363101716932,0.0,,,-0.11399204552214766,-0.013992045522147669,0.09999999999999999,0.09999999999999999
2015-08-09 13:15:00,483,0.7573466655742142,0.7573466655742142,0.0,,,-0.10385914874697702,-0.017172726203433863,0.08668642254354315,0.08668642254354315
2015-08-09 13:30:00,484,0.6761972521056557,0.6761972521056557,0.0,,,-0.015146933311484284,-0.015146933311484284,0.0,0.0
2015-08-09 13:45:00,485,0.47299182974616216,0.47299182974616216,0.0,,,-0.013523945042113114,-0.013523945042113114,0.0,0.0
2015-08-09 14:00:00,486,0.20656525810399984,0.20656525810399984,0.0,,,-0.009459836594923244,-0.009459836594923244,0.0,0.0
2015-08-09 14:15:00,487,0.20644108968181063,0.20644108968181063,0.0,,,-0.001058089677460856,-0.004131305162079997,-0.003073215484619141,-0.003073215484619141
2015-08-09 14:30:00,488,0.19898315422217708,0.19898315422217708,0.0,,,-0.0019741078542061595,-0.004128821793636213,-0.0021547139394300532,-0.0021547139394300532
2015-08-09 14:45:00,489,0.24128787171379082,0.24128787171379082,0.0,,,0.016812320096779333,-0.003979663084443542,-0.020791983181222877,-0.020791983181222877
2015-08-09 15:00:00,490,0.2682623808662935,0.2682623808662935,0.0,,,0.05751082393246725,-0.004825757434275817,-0.06233658136674307,-0.06233658136674307
2015-08-09 15:15:00,491,0.20329431945559165,0.20329431945559165,0.0,,,0.05508707447292966,-0.00536524761732587,-0.06045232209025553,-0.06045232209025553
2015-08-09 15:30:00,492,0.09207537155522778,0.09207537155522778,0.0,,,0.10454507656600308,-0.004065886389111833,-0.10861096295511491,-0.10861096295511491
2015-08-09 15:45:00,493,0.06179011512077276,0.06179011512077276,0.0,,,0.1977938064377684,-0.0018415074311045557,-0.19963531386887295,-0.19963531386887295
2015-08-09 16:00:00,494,0.013618925684462352,0.013618925684462352,0.0,,,0.28313819303731774,-0.0012358023024154551,-0.2843739953397332,-0.2843739953397332
2015-08-09 16:15:00,495,-0.03906835338800875,-0.03906835338800875,0.0,,,0.3478374102084201,-0.00027237851368924705,-0.3481097887221093,-0.3481097887221093
2015-08-09 16:30:00,496,-0.04720233294964867,-0.04720233294964867,0.0,,,0.24616047729802099,0.0027347847371606126,-0.24342569256086038,-0.24342569256086038
2015-08-09 16:45:00,497,-0.06823857207844242,-0.06823857207844242,0.0,,,0.0033041633064754073,0.0033041633064754073,0.0,0.0
2015-08-09 17:00:00,498,-0.0677400176261558,-0.0677400176261558,0.0,,,0.0047767000454909695,0.0047767000454909695,0.0,0.0
2015-08-09 17:15:00,499,-0.08041342071503645,-0.08041342071503645,0.0,,,0.004741801233830906,0.004741801233830906,0.0,0.0
2015-08-09 17:30:00,500,-0.10695615239634047,-0.10695615239634047,0.0,,,0.005628939450052552,0.005628939450052552,0.0,0.0
2015-08-09 17:45:00,501,-0.1466914271123366,-0.1466914271123366,0.0,,,0.0074869306677438335,0.0074869306677438335,0.0,0.0
2015-08-09 18:00:00,502,-0.15075078465783373,-0.15075078465783373,0.0,,,0.010216412726690468,0.010268399897863562,5.198717117309466e-05,5.198717117309466e-05
2015-08-09 18:15:00,503,-0.1480507706042606,-0.1480507706042606,0.0,,,0.010604542097221458,0.010552554926048362,-5.19871711730964e-05,-5.19871711730964e-05
2015-08-09 18:30:00,504,-0.1453507565506875,-0.1453507565506875,0.0,,,0.010363553942298244,0.010363553942298244,0.0,0.0
2015-08-09 18:45:00,505,-0.14337074624473464,-0.14337074624473464,0.0,,,0.010174552958548126,0.010174552958548126,0.0,0.0
2015-08-09 19:00:00,506,-0.14188573851526914,-0.14188573851526914,0.0,,,0.0014953695802710735,0.010035952237131426,0.008540582656860352,0.008540582656860352
2015-08-09 19:15:00,507,-0.14044573102002972,-0.14044573102002972,0.0,,,0.018472584352929193,0.00993200169606884,-0.008540582656860352,-0.008540582656860352
2015-08-09 19:30:00,508,-0.1386457216509814,-0.1386457216509814,0.0,,,0.003194408750061138,0.009831201171402081,0.006636792421340944,0.006636792421340944
2015-08-09 19:45:00,509,-0.13603570806586052,-0.13603570806586052,0.0,,,-0.013007534515543847,0.0097052005155687,0.022712735031112548,0.022712735031112548
2015-08-09 20:00:00,510,-0.13248068956198875,-0.13248068956198875,0.0,,,-0.002472294270507178,0.009522499564610237,0.011994793835117416,0.011994793835117416
2015-08-09 20:15:00,511,-0.12762066426555713,-0.12762066426555713,0.0,,,-0.01098466023281361,0.009273648269339213,0.020258308502152822,0.020258308502152822
2015-08-09 20:30:00,512,-0.12154563264501787,-0.12154563264501787,0.0,,,-0.022051328194353383,0.008933446498589,0.030984774692942384,0.030984774692942384
2015-08-09 20:45:00,513,-0.113940593060787,-0.113940593060787,0.0,,,-0.05025141362320688,0.008508194285151252,0.05875960790835813,0.05875960790835813
2015-08-09 21:00:00,514,-0.10525554785512688,-0.10525554785512688,0.0,,,-0.0756011892068995,0.00797584151425509,0.08357703072115459,0.08357703072115459
2015-08-09 21:15:00,515,-0.09594049937029873,-0.09594049937029873,0.0,,,-0.09789488904289746,0.007367888349858882,0.10526277739275634,0.10526277739275634
2015-08-09 21:30:00,516,-0.08644544994856726,-0.08644544994856726,0.0,,,-0.09808119001259404,0.006715834955920912,0.10479702496851495,0.10479702496851495
2015-08-09 21:45:00,517,-0.07731040240064475,-0.07731040240064475,0.0,,,-0.006601064366603058,0.006051181496399709,0.012652245863002766,0.012652245863002766
2015-08-09 22:00:00,518,-0.06889535860034138,-0.06889535860034138,0.0,,,0.0054117281680451336,0.0054117281680451336,0.0,0.0
2015-08-09 22:15:00,519,-0.061605320655694504,-0.061605320655694504,0.0,,,0.0048226751020238965,0.0048226751020238965,0.0,0.0
2015-08-09 22:30:00,520,-0.05589029090896425,-0.05589029090896425,0.0,,,0.004312372445898616,0.004312372445898616,0.0,0.0
2015-08-09 22:45:00,521,-0.05202027076550962,-0.05202027076550962,0.0,,,0.003912320363627498,0.003912320363627498,0.0,0.0
2015-08-09 23:00:00,522,-0.04959025811729324,-0.04959025811729324,0.0,,,0.003641418953585674,0.003641418953585674,0.0,0.0
2015-08-09 23:15:00,523,-0.04806025015360162,-0.04806025015360162,0.0,,,0.0034713180682105272,0.0034713180682105272,0.0,0.0
2015-08-09 23:30:00,524,-0.04698024453217237,-0.04698024453217237,0.0,,,0.003364217510752114,0.003364217510752114,0.0,0.0
2015-08-09 23:45:00,525,-0.045990239379196496,-0.045990239379196496,0.0,,,0.0032886171172520663,0.0032886171172520663,0.0,0.0
2015-08-10 00:00:00,526,-0.04509023469467175,-0.04509023469467175,0.0,,,0.003219316756543755,0.003219316756543755,0.0,0.0
2015-08-10 00:15:00,527,-0.04414522977592088,-0.04414522977592088,0.0,,,0.012030434756721504,0.003156316428627023,-0.008874118328094482,-0.008874118328094482
2015-08-10 00:30:00,528,-0.0433352255598495,-0.0433352255598495,0.0,,,0.016433378800631265,0.0030901660843144618,-0.013343212716316803,-0.013343212716316803
2015-08-10 00:45:00,529,-0.04261522181222925,-0.04261522181222925,0.0,,,-0.0054811043586348055,0.003033465789189465,0.008514570147824271,0.008514570147824271
2015-08-10 01:00:00,530,-0.042075219001514626,-0.042075219001514626,0.0,,,0.002983065526856048,0.002983065526856048,0.0,0.0
2015-08-10 01:15:00,531,-0.04171521712770562,-0.04171521712770562,0.0,,,0.002945265330106024,0.002945265330106024,0.0,0.0
2015-08-10 01:30:00,532,-0.04180521759615787,-0.04180521759615787,0.0,,,0.002920065198939394,0.002920065198939394,0.0,0.0
2015-08-10 01:45:00,533,-0.04225521993842024,-0.04225521993842024,0.0,,,0.0029263652317310512,0.0029263652317310512,0.0,0.0
2015-08-10 02:00:00,534,-0.04306522415449163,-0.04306522415449163,0.0,,,0.002957865395689417,0.002957865395689417,0.0,0.0
2015-08-10 02:15:00,535,-0.04423523024437313,-0.04423523024437313,0.0,,,0.0030145656908144142,0.0030145656908144142,0.0,0.0
2015-08-10 02:30:00,536,-0.045540237036934134,-0.045540237036934134,0.0,,,0.0030964661171061195,0.0030964661171061195,0.0,0.0
2015-08-10 02:45:00,537,-0.04725024593753026,-0.04725024593753026,0.0,,,0.0031878165925853896,0.0031878165925853896,0.0,0.0
2015-08-10 03:00:00,538,-0.04986025952265112,-0.04986025952265112,0.0,,,0.0033075172156271184,0.0033075172156271184,0.0,0.0
2015-08-10 03:15:00,539,-0.05427028247682038,-0.05427028247682038,0.0,,,0.003490218166585579,0.003490218166585579,0.0,0.0
2015-08-10 03:30:00,540,-0.06115531831343212,-0.06115531831343212,0.0,,,0.0037989197733774268,0.0037989197733774268,0.0,0.0
2015-08-10 03:45:00,541,-0.07101036960897376,-0.07101036960897376,0.0,,,0.004280872281940249,0.004280872281940249,0.0,0.0
2015-08-10 04:00:00,542,-0.08253042957088538,-0.08253042957088538,0.0,,,0.004970725872628164,0.004970725872628164,0.0,0.0
2015-08-10 04:15:00,543,-0.09391548883011974,-0.09391548883011974,0.0,,,0.005777130069961977,0.005777130069961977,0.0,0.0
2015-08-10 04:30:00,544,-0.10377054012566138,-0.10377054012566138,0.0,,,0.006574084218108383,0.006574084218108383,0.0,0.0
2015-08-10 04:45:00,545,-0.11074557643072537,-0.11074557643072537,0.0,,,0.007263937808796297,0.007263937808796297,0.0,0.0
2015-08-10 05:00:00,546,-0.11533560032179913,-0.11533560032179913,0.0,,,0.007752190350150776,0.007752190350150776,0.0,0.0
2015-08-10 05:15:00,547,-0.11839561624918239,-0.11839561624918239,0.0,,,0.00807349202252594,0.00807349202252594,0.0,0.0
2015-08-10 05:30:00,548,-0.12091562936585101,-0.12091562936585101,0.0,,,0.008287693137442768,0.008287693137442768,0.0,0.0
2015-08-10 05:45:00,549,-0.12357064318519799,-0.12357064318519799,0.0,,,0.008464094055609571,0.008464094055609571,0.0,0.0
2015-08-10 06:00:00,550,-0.1261806567703189,-0.1261806567703189,0.0,,,0.008649945022963861,0.008649945022963861,0.0,0.0
2015-08-10 06:15:00,551,-0.12843066848162962,-0.12843066848162962,0.0,,,0.008832645973922323,0.008832645973922323,0.0,0.0
2015-08-10 06:30:00,552,-0.129870675976869,-0.129870675976869,0.0,,,0.008990146793714075,0.008990146793714075,0.0,0.0
2015-08-10 06:45:00,553,-0.13032067831913025,-0.13032067831913025,0.0,,,0.00909094731838083,0.00909094731838083,0.0,0.0
2015-08-10 07:00:00,554,-0.12996067644532125,-0.12996067644532125,0.0,,,0.009122447482339119,0.009122447482339119,0.0,0.0
2015-08-10 07:15:00,555,-0.12897067129234424,-0.12897067129234424,0.0,,,0.009097247351172488,0.009097247351172488,0.0,0.0
2015-08-10 07:30:00,556,-0.12762066426555713,-0.12762066426555713,0.0,,,0.009027946990464098,0.009027946990464098,0.0,0.0
2015-08-10 07:45:00,557,-0.10019813607427666,-0.10019813607427666,0.0,,,0.008933446498589,0.008933446498589,0.0,0.0
2015-08-10 08:00:00,558,0.17263799803646995,0.17263799803646995,0.0,,,0.007013869525199367,0.007013869525199367,0.0,0.0
2015-08-10 08:15:00,559,0.4162657565018475,0.4162657565018475,0.0,,,-0.003452759960729399,-0.003452759960729399,0.0,0.0
2015-08-10 08:30:00,560,0.1761926489039212,0.1761926489039212,0.0,,,-0.00832531513003695,-0.00832531513003695,0.0,0.0
2015-08-10 08:45:00,561,0.10926866851801731,0.10926866851801731,0.0,,,-0.003523852978078424,-0.003523852978078424,0.0,0.0
2015-08-10 09:00:00,562,-0.014729588205764643,-0.014729588205764643,0.0,,,-0.002185373370360346,-0.002185373370360346,0.0,0.0
2015-08-10 09:15:00,563,0.2610216448267726,0.2610216448267726,0.0,,,0.0010310711744035252,0.0010310711744035252,0.0,0.0
2015-08-10 09:30:00,564,0.593288502227954,0.593288502227954,0.0,,,-0.005220432896535452,-0.005220432896535452,0.0,0.0
2015-08-10 09:45:00,565,0.10396905435192115,0.10396905435192115,0.0,,,-0.011865770044559082,-0.011865770044559082,0.0,0.0
2015-08-10 10:00:00,566,-0.016479984294873462,-0.016479984294873462,0.0,,,-0.002079381087038423,-0.002079381087038423,0.0,0.0
2015-08-10 10:15:00,567,0.01773297193121895,0.01773297193121895,0.0,,,0.0011535989006411424,0.0011535989006411424,0.0,0.0
2015-08-10 10:30:00,568,0.14985482156348973,0.14985482156348973,0.0,,,-0.000354659438624379,-0.000354659438624379,0.0,0.0
2015-08-10 10:45:00,569,0.17267313672501766,0.17267313672501766,0.0,,,-0.0029970964312697945,-0.0029970964312697945,0.0,0.0
2015-08-10 11:00:00,570,0.15048552648200847,0.15048552648200847,0.0,,,-0.0034534627345003534,-0.0034534627345003534,0.0,0.0
2015-08-10 11:15:00,571,-0.018238090581631616,-0.018238090581631616,0.0,,,-0.0030097105296401695,-0.0030097105296401695,0.0,0.0
2015-08-10 11:30:00,572,0.08025294224425816,0.08025294224425816,0.0,,,0.0012766663407142132,0.0012766663407142132,0.0,0.0
2015-08-10 11:45:00,573,0.01365486897845676,0.01365486897845676,0.0,,,-0.0016050588448851633,-0.0016050588448851633,0.0,0.0
2015-08-10 12:00:00,574,0.11876836835541242,0.11876836835541242,0.0,,,-0.0002730973795691352,-0.0002730973795691352,0.0,0.0
2015-08-10 12:15:00,575,0.4577259532144099,0.4577259532144099,0.0,,,-0.0023753673671082485,-0.0023753673671082485,0.0,0.0
2015-08-10 12:30:00,576,0.1040128425292785,0.1040128425292785,0.0,,,-0.00720790289149767,-0.009154519064288198,-0.0019466161727905275,-0.978787322251858
2015-11-29 13:45:00,577,-0.1559708118280755,-0.1559708118280755,0.0,,,-0.09678158324814082,0.011264458631507155,0.10804604187964797,0.10804604187964797
2015-11-29 14:00:00,578,-0.15156078887390628,-0.15156078887390628,0.0,,,-0.065938643225846,0.010917956827965286,0.07685660005381129,0.07685660005381129
2015-11-29 14:15:00,579,-0.14755576802777212,-0.14755576802777212,0.0,,,0.01060925522117344,0.01060925522117344,0.0,0.0
2015-11-29 14:30:00,580,-0.14364074765009138,-0.14364074765009138,0.0,,,0.01032890376194405,0.01032890376194405,0.0,0.0
2015-11-29 14:45:00,581,-0.13999572867776738,-0.13999572867776738,0.0,,,0.010054852335506398,0.010054852335506398,0.0,0.0
2015-11-29 15:00:00,582,-0.1368907125161591,-0.1368907125161591,0.0,,,0.009799701007443718,0.009799701007443718,0.0,0.0
2015-11-29 15:15:00,583,-0.13432569916526438,-0.13432569916526438,0.0,,,0.009582349876131139,0.009582349876131139,0.0,0.0
2015-11-29 15:30:00,584,-0.132885691670025,-0.132885691670025,0.0,,,0.009402798941568508,0.009402798941568508,0.0,0.0
2015-11-29 15:45:00,585,-0.13261569026466827,-0.13261569026466827,0.0,,,0.009301998416901752,0.009301998416901752,0.0,0.0
2015-11-29 16:00:00,586,-0.13392069705722812,-0.13392069705722812,0.0,,,0.00928309831852678,0.00928309831852678,0.0,0.0
2015-11-29 16:15:00,587,-0.13702571321883752,-0.13702571321883752,0.0,,,0.009374448794005969,0.009374448794005969,0.0,0.0
2015-11-29 16:30:00,588,-0.14260574226288825,-0.14260574226288825,0.0,,,0.009591799925318627,0.009591799925318627,0.0,0.0
2015-11-29 16:45:00,589,-0.15052578348670312,-0.15052578348670312,0.0,,,0.009982401958402179,0.009982401958402179,0.0,0.0
2015-11-29 17:00:00,590,-0.16051583548492426,-0.16051583548492426,0.0,,,0.01053680484406922,0.01053680484406922,0.0,0.0
2015-11-29 17:15:00,591,-0.172080895681062,-0.172080895681062,0.0,,,0.0112361084839447,0.0112361084839447,0.0,0.0
2015-11-29 17:30:00,592,-0.18463596103017677,-0.18463596103017677,0.0,,,0.01204566269767434,0.01204566269767434,0.0,0.0
2015-11-29 17:45:00,593,-0.1977760294242334,-0.1977760294242334,0.0,,,0.012924517272112374,0.012924517272112374,0.0,0.0
2015-11-29 18:00:00,594,-0.21046609547602652,-0.21046609547602652,0.0,,,0.013844322059696339,0.013844322059696339,0.0,0.0
2015-11-29 18:15:00,595,-0.22216615637484377,-0.22216615637484377,0.0,,,0.014732626683321858,0.014732626683321858,0.0,0.0
2015-11-29 18:30:00,596,-0.2321562083730649,-0.2321562083730649,0.0,,,0.015551630946239065,0.015551630946239065,0.0,0.0
2015-11-29 18:45:00,597,-0.23967124748884353,-0.23967124748884353,0.0,,,0.016250934586114544,0.016250934586114544,0.0,0.0
2015-11-29 19:00:00,598,-0.2442162711456911,-0.2442162711456911,0.0,,,0.016776987324219048,0.016776987324219048,0.0,0.0
2015-11-29 19:15:00,599,-0.2451162758302159,-0.2451162758302159,0.0,,,0.01709513898019838,0.01709513898019838,0.0,0.0
2015-11-29 19:30:00,600,-0.24187625896592815,-0.24187625896592815,0.0,,,0.017158139308115113,0.017158139308115113,0.0,0.0
2015-11-29 19:45:00,601,-0.23449622055282784,-0.23449622055282784,0.0,,,0.01693133812761497,0.01693133812761497,0.0,0.0
2015-11-29 20:00:00,602,-0.2241011664465717,-0.2241011664465717,0.0,,,0.01641473543869795,0.01641473543869795,0.0,0.0
2015-11-29 20:15:00,603,-0.21267110695311223,-0.21267110695311223,0.0,,,0.01568708165126002,0.01568708165126002,0.0,0.0
2015-11-29 20:30:00,604,-0.20191605097304585,-0.20191605097304585,0.0,,,0.014886977486717858,0.014886977486717858,0.0,0.0
2015-11-29 20:45:00,605,-0.1932310057673846,-0.1932310057673846,0.0,,,0.014134123568113211,0.014134123568113211,0.0,0.0
2015-11-29 21:00:00,606,-0.18607596852541614,-0.18607596852541614,0.0,,,0.013526170403716923,0.013526170403716923,0.0,0.0
2015-11-29 21:15:00,607,-0.17959593479684063,-0.17959593479684063,0.0,,,0.01302531779677913,0.01302531779677913,0.0,0.0
2015-11-29 21:30:00,608,-0.17284589966290725,-0.17284589966290725,0.0,,,0.012571715435778846,0.012571715435778846,0.0,0.0
2015-11-29 21:45:00,609,-0.16506085914177185,-0.16506085914177185,0.0,,,0.012099212976403508,0.012099212976403508,0.0,0.0
2015-11-29 22:00:00,610,-0.15637581393611177,-0.15637581393611177,0.0,,,0.011554260139924031,0.011554260139924031,0.0,0.0
2015-11-29 22:15:00,611,-0.1470157652170575,-0.1470157652170575,0.0,,,0.010946306975527825,0.010946306975527825,0.0,0.0
2015-11-29 22:30:00,612,-0.13716071392151588,-0.13716071392151588,0.0,,,0.010291103565194026,0.010291103565194026,0.0,0.0
2015-11-29 22:45:00,613,-0.12717066192329474,-0.12717066192329474,0.0,,,0.009601249974506112,0.009601249974506112,0.0,0.0
2015-11-29 23:00:00,614,-0.11704560922239637,-0.11704560922239637,0.0,,,0.008901946334630633,0.008901946334630633,0.0,0.0
2015-11-29 23:15:00,615,-0.10705555722417526,-0.10705555722417526,0.0,,,0.008193192645567747,0.008193192645567747,0.0,0.0
2015-11-29 23:30:00,616,-0.09720050592863361,-0.09720050592863361,0.0,,,0.007493889005692269,0.007493889005692269,0.0,0.0
2015-11-29 23:45:00,617,-0.088020458146485,-0.088020458146485,0.0,,,0.006804035415004353,0.006804035415004353,0.0,0.0
2015-11-30 00:00:00,618,-0.07915541200391926,-0.07915541200391926,0.0,,,0.006161432070253951,0.006161432070253951,0.0,0.0
2015-11-30 00:15:00,619,-0.07146037195123613,-0.07146037195123613,0.0,,,0.005540878840274349,0.005540878840274349,0.0,0.0
2015-11-30 00:30:00,620,-0.06498033822266062,-0.06498033822266062,0.0,,,0.005002226036586529,0.005002226036586529,0.0,0.0
2015-11-30 00:45:00,621,-0.06016531316045512,-0.06016531316045512,0.0,,,0.004548623675586244,0.004548623675586244,0.0,0.0
2015-11-30 01:00:00,622,-0.056790295593489,-0.056790295593489,0.0,,,0.004211571921231859,0.004211571921231859,0.0,0.0
2015-11-30 01:15:00,623,-0.054540283882177125,-0.054540283882177125,0.0,,,0.00397532069154423,0.00397532069154423,0.0,0.0
2015-11-30 01:30:00,624,-0.053145276621165,-0.053145276621165,0.0,,,0.003817819871752399,0.003817819871752399,0.0,0.0
2015-11-30 01:45:00,625,-0.052200271702414126,-0.052200271702414126,0.0,,,0.00372016936348155,0.00372016936348155,0.0,0.0
2015-11-30 02:00:00,626,-0.051570268423247245,-0.051570268423247245,0.0,,,0.003654019019168989,0.003654019019168989,0.0,0.0
2015-11-30 02:15:00,627,-0.05130026701788938,-0.05130026701788938,0.0,,,0.0036099187896273077,0.0036099187896273077,0.0,0.0
2015-11-30 02:30:00,628,-0.050895264909854236,-0.050895264909854236,0.0,,,0.003591018691252257,0.003591018691252257,0.0,0.0
2015-11-30 02:45:00,629,-0.05053526303604412,-0.05053526303604412,0.0,,,0.003562668543689797,0.003562668543689797,0.0,0.0
2015-11-30 03:00:00,630,-0.05026526163068625,-0.05026526163068625,0.0,,,0.003537468412523089,0.003537468412523089,0.0,0.0
2015-11-30 03:15:00,631,-0.04986025952265112,-0.04986025952265112,0.0,,,0.003518568314148038,0.003518568314148038,0.0,0.0
2015-11-30 03:30:00,632,-0.04986025952265112,-0.04986025952265112,0.0,,,0.003490218166585579,0.003490218166585579,0.0,0.0
2015-11-30 03:45:00,633,-0.0499952602253295,-0.0499952602253295,0.0,,,0.003490218166585579,0.003490218166585579,0.0,0.0
2015-11-30 04:00:00,634,-0.05053526303604412,-0.05053526303604412,0.0,,,0.0034996682157730653,0.0034996682157730653,0.0,0.0
2015-11-30 04:15:00,635,-0.051165266315211004,-0.051165266315211004,0.0,,,0.003537468412523089,0.003537468412523089,0.0,0.0
2015-11-30 04:30:00,636,-0.05206527099973575,-0.05206527099973575,0.0,,,0.0035815686420647705,0.0035815686420647705,0.0,0.0
2015-11-30 04:45:00,637,-0.05323527708961725,-0.05323527708961725,0.0,,,0.0036445689699815026,0.0036445689699815026,0.0,0.0
2015-11-30 05:00:00,638,-0.05611529208009488,-0.05611529208009488,0.0,,,0.003726469396273208,0.003726469396273208,0.0,0.0
2015-11-30 05:15:00,639,-0.06210032323218187,-0.06210032323218187,0.0,,,0.0039280704456066415,0.0039280704456066415,0.0,0.0
2015-11-30 05:30:00,640,-0.07267537827534375,-0.07267537827534375,0.0,,,0.004347022626252731,0.004347022626252731,0.0,0.0
2015-11-30 05:45:00,641,-0.08856046095719963,-0.08856046095719963,0.0,,,0.005087276479274063,0.005087276479274063,0.0,0.0
2015-11-30 06:00:00,642,-0.10782056120602163,-0.10782056120602163,0.0,,,0.006199232267003975,0.006199232267003975,0.0,0.0
2015-11-30 06:15:00,643,-0.12762066426555713,-0.12762066426555713,0.0,,,0.0075474392844215145,0.0075474392844215145,0.0,0.0
2015-11-30 06:30:00,644,-0.145170755613783,-0.145170755613783,0.0,,,0.008933446498589,0.008933446498589,0.0,0.0
2015-11-30 06:45:00,645,-0.15831082400783852,-0.15831082400783852,0.0,,,0.010161952892964812,0.010161952892964812,0.0,0.0
2015-11-30 07:00:00,646,-0.16731087085308263,-0.16731087085308263,0.0,,,0.011081757680548698,0.011081757680548698,0.0,0.0
2015-11-30 07:15:00,647,-0.17280089942868113,-0.17280089942868113,0.0,,,0.011711760959715786,0.011711760959715786,0.0,0.0
2015-11-30 07:30:00,648,-0.17550091348225424,-0.17550091348225424,0.0,,,0.01209606296000768,0.01209606296000768,0.0,0.0
2015-11-30 07:45:00,649,-0.17631091769832677,-0.17631091769832677,0.0,,,0.012285063943757798,0.012285063943757798,0.0,0.0
2015-11-30 08:00:00,650,-0.17550091348225424,-0.17550091348225424,0.0,,,0.012341764238882875,0.012341764238882875,0.0,0.0
2015-11-30 08:15:00,651,-0.17329590200516964,-0.17329590200516964,0.0,,,0.012285063943757798,0.012285063943757798,0.0,0.0
2015-11-30 08:30:00,652,-0.17019088584356135,-0.17019088584356135,0.0,,,0.012130713140361876,0.012130713140361876,0.0,0.0
2015-11-30 08:45:00,653,-0.16627586546587947,-0.16627586546587947,0.0,,,0.011913362009049295,0.011913362009049295,0.0,0.0
2015-11-30 09:00:00,654,-0.16222584438552037,-0.16222584438552037,0.0,,,0.011639310582611563,0.011639310582611563,0.0,0.0
2015-11-30 09:15:00,655,-0.15822082353938624,-0.15822082353938624,0.0,,,0.011355809106986428,0.011355809106986428,0.0,0.0
2015-11-30 09:30:00,656,-0.1549358064408724,-0.1549358064408724,0.0,,,0.011075457647757038,0.011075457647757038,0.0,0.0
2015-11-30 09:45:00,657,-0.15273079496378775,-0.15273079496378775,0.0,,,0.010845506450861069,0.010845506450861069,0.0,0.0
2015-11-30 10:00:00,658,-0.15129078746854838,-0.15129078746854838,0.0,,,0.010691155647465143,0.010691155647465143,0.0,0.0
2015-11-30 10:15:00,659,-0.1506607841893815,-0.1506607841893815,0.0,,,0.010590355122798387,0.010590355122798387,0.0,0.0
2015-11-30 10:30:00,660,-0.1506607841893815,-0.1506607841893815,0.0,,,0.010546254893256706,0.010546254893256706,0.0,0.0
2015-11-30 10:45:00,661,-0.15115578676587,-0.15115578676587,0.0,,,0.010546254893256706,0.010546254893256706,0.0,0.0
2015-11-30 11:00:00,662,-0.15232579285575149,-0.15232579285575149,0.0,,,0.0105809050736109,0.0105809050736109,0.0,0.0
2015-11-30 11:15:00,663,-0.15457580456706227,-0.15457580456706227,0.0,,,0.010662805499902605,0.010662805499902605,0.0,0.0
2015-11-30 11:30:00,664,-0.15822082353938624,-0.15822082353938624,0.0,,,0.01082030631969436,0.01082030631969436,0.0,0.0
2015-11-30 11:45:00,665,-0.16326084977272348,-0.16326084977272348,0.0,,,0.011075457647757038,0.011075457647757038,0.0,0.0
2015-11-30 12:00:00,666,-0.168750878348322,-0.168750878348322,0.0,,,0.011428259484090646,0.011428259484090646,0.0,0.0
2015-11-30 12:15:00,667,-0.17316090130249126,-0.17316090130249126,0.0,,,0.011812561484382542,0.011812561484382542,0.0,0.0
2015-11-30 12:30:00,668,-0.17550091348225424,-0.17550091348225424,0.0,,,0.01212126309117439,0.01212126309117439,0.0,0.0
2015-11-30 12:45:00,669,-0.17473590950040901,-0.17473590950040901,0.0,,,0.012285063943757798,0.012285063943757798,0.0,0.0
2015-11-30 13:00:00,670,-0.17149589263612122,-0.17149589263612122,0.0,,,0.012231513665028632,0.012231513665028632,0.0,0.0
2015-11-30 13:15:00,671,-0.16668086757391573,-0.16668086757391573,0.0,,,0.012004712484528487,0.012004712484528487,0.0,0.0
2015-11-30 13:30:00,672,-0.161460840403674,-0.161460840403674,0.0,,,0.011667660730174102,0.011667660730174102,0.0,-0.5917032081184264
