,electrical_baseload_households,thermal_energy_demand_households,electrical_baseload_business,thermal_energy_demand_business,electrical_baseload,thermal_energy_demand,pv_gen_PV_1,pv_gen_PV_2,pv_gen_PV_3,hp_cop_HP_Ground,hp_cop_HP_Air,bev_at_home,bev_charger,price_el,co2_el,cost,co2,TES_temp,grid_generator_kW,natural_gas_generator_kW,district_heating_generator_kW,PV_1_pv_generator_kW,PV_2_pv_generator_kW,PV_3_pv_generator_kW,electrical_load_kW,thermal_load_kW,grid_feed-in_kW,thermal_storage_kW,battery_storage_kW,DRL_overflow_kW,grid_demand_link_p0_kW,grid_feed-in_link_p0_kW,battery_charge_p0_kW,battery_discharge_p0_kW,HP_Ground_heat_pump_p0_kW,HP_Air_heat_pump_p0_kW,district_heating_p0_kW,DRL_overflow_link_bat_charge_p0_kW,DRL_overflow_link_bat_discharge_p0_kW,grid_demand_link_p1_kW,grid_feed-in_link_p1_kW,battery_charge_p1_kW,battery_discharge_p1_kW,HP_Ground_heat_pump_p1_kW,HP_Air_heat_pump_p1_kW,district_heating_p1_kW,DRL_overflow_link_bat_charge_p1_kW,DRL_overflow_link_bat_discharge_p1_kW,grid_feed-in_kWh,thermal_storage_kWh,battery_storage_kWh,DRL_overflow_kWh
2015-01-06 00:00:00,1.27020661142541,3.0981384159856393,0.84359855744647,1.1966303125197162,2.11380516887188,4.294768728505355,0.0,0.0,0.0,2.4737865336,1.863097052,0,0,11.91547,164.8,21.191083018884825,293.0887729575266,45.137277567320496,7.1138051688720045,-0.0,0.0,-0.0,-0.0,-0.0,2.11380516887188,4.294768728505355,0.0,-8.074163939480059,-0.0,0.0,7.1138051688720045,0.0,-0.0,-0.0,5.0,-0.0,0.0,-0.0,-0.0,-7.1138051688720045,-0.0,0.0,0.0,-12.368932668,0.0,-0.0,0.0,0.0,0.0,315.09394508722136,96.75,1000000.0
2015-01-06 00:15:00,1.142405946222945,3.121609161561288,0.80319862653035,1.2056956936751686,1.945604572753295,4.327304855236457,0.0,0.0,0.0,2.4665391186,1.857767377,0,0,11.91547,164.8,20.69003572962232,286.15890839738245,45.29553105532962,6.945604572752001,-0.0,0.0,-0.0,-0.0,-0.0,1.945604572753295,4.327304855236457,0.0,-8.00539073776008,0.0,0.0,6.945604572752001,0.0,-0.0,-0.0,5.0,-0.0,0.0,-0.0,-0.0,-6.945604572752001,-0.0,0.0,0.0,-12.332695593,0.0,-0.0,0.0,0.0,0.0,316.93144392021605,96.74990325,1000000.0
2015-01-06 00:30:00,1.0314053684649451,3.145079907136937,0.76799868672225,1.214761074830621,1.7994040551871953,4.359840981967558,0.0,0.0,0.0,2.4592917036,1.852437702,0,0,11.91547,164.8,20.254523759367736,280.1354470737456,45.4522214888085,6.799404055187999,-0.0,0.0,-0.0,-0.0,-0.0,1.7994040551871953,4.359840981967558,0.0,-7.936617536040103,1.1368683772161603e-13,0.0,6.799404055187999,0.0,-0.0,-0.0,5.0,-0.0,0.0,-0.0,-0.0,-6.799404055187999,-0.0,0.0,0.0,-12.296458518,0.0,-0.0,0.0,0.0,0.0,318.7507939533876,96.74980650009672,1000000.0
2015-01-06 00:45:00,0.93780488127441,3.1685506527125855,0.7383987373381601,1.2238264559860734,1.6762036186125702,4.392377108698659,0.0,0.0,0.0,2.4520442886000002,1.847108027,0,0,11.91547,164.8,44.51974263684845,615.7418537877755,45.60734968054552,14.945190625916881,-0.0,0.0,-0.0,-0.0,-0.0,1.6762036186125702,4.392377108698659,0.0,-7.867844334319898,-8.103607267158793,0.0,14.945190625916881,0.0,8.268987007304894,-0.0,5.0,-0.0,0.0,-0.0,-0.0,-14.945190625916881,-0.0,-8.103607267158795,0.0,-12.260221443,0.0,-0.0,0.0,0.0,0.0,320.5520046241118,98.77561156707992,1000000.0
2015-01-06 01:00:00,0.86820451900452,3.1920213982882344,0.71559877632609,1.2328918371415258,1.58380329533061,4.42491323542976,0.0,0.0,0.0,2.4447968736000005,1.841778352,0,0,10.93967,195.03,0.0,-0.0,45.49772060723086,0.0,-0.0,0.0,-0.0,-0.0,-0.0,1.58380329533061,4.42491323542976,0.0,4.4249132354400444,1.6161258115632222,0.0,-0.0,0.0,-0.0,1.6161258115632653,-0.0,-0.0,0.0,-0.0,-0.0,0.0,-0.0,0.0,-1.583803295332,0.0,0.0,-0.0,0.0,0.0,0.0,319.2790892728473,98.37148133857754,1000000.0
2015-01-06 01:15:00,0.8196042660402,3.208786216556555,0.69639880915804,1.2393671093954204,1.51600307519824,4.448153325951975,0.0,0.0,0.0,2.4399565475500005,1.83822420975,0,0,10.93967,195.03,0.0,-0.0,45.38764815631022,0.0,-0.0,0.0,-0.0,-0.0,-0.0,1.51600307519824,4.448153325951975,0.0,4.44815332596022,1.5469419134692544,0.0,-0.0,0.0,-0.0,1.5469419134692033,-0.0,-0.0,0.0,-0.0,-0.0,0.0,-0.0,0.0,-1.5160030751998192,0.0,0.0,-0.0,0.0,0.0,0.0,318.00102581493536,97.98464748872888,1000000.0
2015-01-06 01:30:00,0.78720409739733,3.2255510348248757,0.68039883651799,1.245842381649315,1.46760293391532,4.471393416474191,0.0,0.0,0.0,2.4351162215000004,1.8346700674999998,0,0,10.93967,195.03,0.0,-0.0,45.27713255833994,0.0,-0.0,0.0,-0.0,-0.0,-0.0,1.46760293391532,4.471393416474191,0.0,4.4713934164801685,1.4975540141999204,0.0,-0.0,0.0,-0.0,1.4975540142,-0.0,-0.0,0.0,-0.0,-0.0,0.0,-0.0,0.0,-1.467602933916,0.0,0.0,-0.0,0.0,0.0,0.0,316.71781692739154,97.6101610005314,1000000.0
2015-01-06 01:45:00,0.7668039912147749,3.242315853093196,0.66559886182595,1.2523176539032095,1.432402853040725,4.494633506996406,0.0,0.0,0.0,2.4302758954500003,1.8311159252499998,0,0,10.93967,195.03,0.0,-0.0,45.16617404375649,0.0,-0.0,0.0,-0.0,-0.0,-0.0,1.432402853040725,4.494633506996406,0.0,4.494633507000117,1.4616355643265138,0.0,-0.0,0.0,-0.0,1.4616355643265306,-0.0,-0.0,0.0,-0.0,-0.0,0.0,-0.0,0.0,-1.43240285304,0.0,0.0,-0.0,0.0,0.0,0.0,315.4294652858393,97.24465449928877,1000000.0
2015-01-06 02:00:00,0.753603922508415,3.2590806713615166,0.6535988823459099,1.258792926157104,1.4072028048543248,4.517873597518621,0.0,0.0,0.0,2.4254355694000003,1.8275617829999997,0,0,9.999569999999999,187.57,0.0,-0.0,45.054772842876524,0.0,-0.0,0.0,-0.0,-0.0,-0.0,1.4072028048543248,4.517873597518621,0.0,4.517873597519838,1.4359212294448866,0.0,-0.0,0.0,-0.0,1.435921229444898,-0.0,-0.0,0.0,-0.0,-0.0,0.0,-0.0,0.0,-1.407202804856,0.0,0.0,-0.0,0.0,0.0,0.0,314.1359735645107,96.88557694727305,1000000.0
2015-01-06 02:15:00,0.74400387254016,3.3227869807811348,0.6451988967098901,1.2833989607219034,1.38920276925005,4.606185941503038,0.0,0.0,0.0,2.4209394514500002,1.8242643452499998,0,0,9.999569999999999,187.57,0.0,-0.0,44.94152810866885,0.0,-0.0,0.0,-0.0,-0.0,-0.0,1.38920276925005,4.606185941503038,0.0,4.606185941519925,1.4175538461756219,0.0,-0.0,0.0,-0.0,1.4175538461755102,-0.0,-0.0,0.0,-0.0,-0.0,0.0,-0.0,0.0,-1.389202769252,0.0,0.0,-0.0,0.0,0.0,0.0,312.8210763728772,96.5310916001522,1000000.0
2015-01-06 02:30:00,0.740403853802055,3.386493290200753,0.64279890081388,1.3080049952867028,1.383202754615935,4.694498285487455,0.0,0.0,0.0,2.4164433335,1.8209669075,0,0,9.999569999999999,187.57,0.0,-0.0,44.82644079977168,0.0,-0.0,0.0,-0.0,-0.0,-0.0,1.383202754615935,4.694498285487455,0.0,4.694498285479767,1.4114313822611848,0.0,-0.0,0.0,-0.0,1.4114313822612246,-0.0,-0.0,0.0,-0.0,-0.0,0.0,-0.0,0.0,-1.383202754616,0.0,0.0,-0.0,0.0,0.0,0.0,311.4847848417934,96.1781372234953,1000000.0
2015-01-06 02:45:00,0.7350038256949201,3.450199599620371,0.6451988967098901,1.3326110298515021,1.3802027224048101,4.782810629471873,0.0,0.0,0.0,2.4119472155500006,1.81766946975,0,0,9.999569999999999,187.57,0.0,-0.0,44.70951187432297,0.0,-0.0,0.0,-0.0,-0.0,-0.0,1.3802027224048101,4.782810629471873,0.0,4.782810629480082,1.408370124902035,0.0,-0.0,0.0,-0.0,1.408370124902041,-0.0,-0.0,0.0,-0.0,-0.0,0.0,-0.0,0.0,-1.380202722404,0.0,0.0,-0.0,0.0,0.0,0.0,310.1271100963056,95.82594851413256,1000000.0
2015-01-06 03:00:00,0.729003794464755,3.5139059090399893,0.6559988782419199,1.3572170644163015,1.3850026727066749,4.871122973456291,0.0,0.0,0.0,2.4074510976000005,1.814372032,0,0,9.73777,195.2,0.0,-0.0,44.59074228996421,0.0,-0.0,0.0,-0.0,-0.0,-0.0,1.3850026727066749,4.871122973456291,0.0,4.871122973439924,1.4132680333754593,0.0,-0.0,0.0,-0.0,1.4132680333755103,-0.0,-0.0,0.0,-0.0,-0.0,0.0,-0.0,0.0,-1.385002672708,0.0,0.0,-0.0,0.0,0.0,0.0,308.74806325569557,95.47253567984018,1000000.0
2015-01-06 03:15:00,0.72540377572665,3.6782011280695306,0.67639884335798,1.4206747325044682,1.40180261908463,5.098875860573999,0.0,0.0,0.0,2.4028324206000002,1.810988767,0,0,9.73777,195.2,0.0,-0.0,44.467130695492486,0.0,-0.0,0.0,-0.0,-0.0,-0.0,1.40180261908463,5.098875860573999,0.0,5.098875860559701,1.43041083580016,0.0,-0.0,0.0,-0.0,1.4304108358,-0.0,-0.0,0.0,-0.0,-0.0,0.0,-0.0,0.0,-1.401802619084,0.0,0.0,-0.0,0.0,0.0,0.0,307.3127952976627,95.11483749835446,1000000.0
2015-01-06 03:30:00,0.7200037476195,3.842496347099072,0.7047987947940599,1.4841324005926348,1.42480254241356,5.326628747691707,0.0,0.0,0.0,2.3982137436,1.8076055020000001,0,0,9.73777,195.2,0.0,-0.0,44.338679608753026,0.0,-0.0,0.0,-0.0,-0.0,-0.0,1.42480254241356,5.326628747691707,0.0,5.326628747680161,1.4538801453182941,0.0,-0.0,0.0,-0.0,1.4538801453183674,-0.0,-0.0,0.0,-0.0,-0.0,0.0,-0.0,0.0,-1.424802542412,0.0,0.0,-0.0,0.0,0.0,0.0,305.8213354571879,94.75127234718738,1000000.0
2015-01-06 03:45:00,0.7200037476195,4.006791566128613,0.7423987304981701,1.5475900686808017,1.46240247811767,5.554381634809415,0.0,0.0,0.0,2.3935950665999997,1.8042222370000003,0,0,9.73777,195.2,0.0,-0.0,44.205391546281845,0.0,-0.0,0.0,-0.0,-0.0,-0.0,1.46240247811767,5.554381634809415,0.0,5.554381634799711,1.4922474266488734,0.0,-0.0,0.0,-0.0,1.4922474266489798,-0.0,-0.0,0.0,-0.0,-0.0,0.0,-0.0,0.0,-1.462402478116,0.0,0.0,-0.0,0.0,0.0,0.0,304.27371295405027,94.37811573925282,1000000.0
2015-01-06 04:00:00,0.72180375698856,4.171086785158154,0.7839986593622901,1.6110477367689684,1.50580241635085,5.782134521927123,0.0,0.0,0.0,2.3889763895999994,1.8008389720000002,0,0,9.83297,189.76,0.0,-0.0,44.067269023306295,0.0,-0.0,0.0,-0.0,-0.0,-0.0,1.50580241635085,5.782134521927123,0.0,5.782134521919943,1.5365330779101782,0.0,-0.0,0.0,-0.0,1.5365330779102042,-0.0,-0.0,0.0,-0.0,-0.0,0.0,-0.0,0.0,-1.505802416352,0.0,0.0,-0.0,0.0,0.0,0.0,302.66995699283416,93.99388809165953,1000000.0
2015-01-06 04:15:00,0.729003794464755,4.627089842056474,0.82439859027841,1.7871751420749007,1.553402384743165,6.414264984131375,0.0,0.0,0.0,2.3869852205499997,1.79938169475,0,0,9.83297,189.76,0.0,-0.0,43.91560785954556,0.0,-0.0,0.0,-0.0,-0.0,-0.0,1.553402384743165,6.414264984131375,0.0,6.414264984119882,1.585104474228615,0.0,-0.0,0.0,-0.0,1.5851044742285714,-0.0,-0.0,0.0,-0.0,-0.0,0.0,-0.0,0.0,-1.553402384744,0.0,0.0,-0.0,0.0,0.0,0.0,300.9090023691679,93.59751797921427,1000000.0
2015-01-06 04:30:00,0.73860384443301,5.083092898954793,0.8555985369264999,1.9633025473808328,1.5942023813595099,7.046395446335626,0.0,0.0,0.0,2.3849940514999997,1.7979244175000002,0,0,9.83297,189.76,0.0,-0.0,43.75041509509286,0.0,-0.0,0.0,-0.0,-0.0,-0.0,1.5942023813595099,7.046395446335626,0.0,7.046395446320048,1.6267371238367332,0.0,-0.0,0.0,-0.0,1.6267371238367347,-0.0,-0.0,0.0,-0.0,-0.0,0.0,-0.0,0.0,-1.59420238136,0.0,0.0,-0.0,0.0,0.0,0.0,298.99093082635596,93.1907401007371,1000000.0
2015-01-06 04:45:00,0.75180391313937,5.539095955853112,0.87559850272656,2.139429952686765,1.6274024158659302,7.678525908539877,0.0,0.0,0.0,2.3830028824499996,1.7964671402500003,0,0,9.83297,189.76,0.0,-0.0,43.571697766380545,0.0,-0.0,0.0,-0.0,-0.0,-0.0,1.6274024158659302,7.678525908539877,0.0,7.6785259085197595,1.6606147100652606,0.0,-0.0,0.0,-0.0,1.6606147100653061,-0.0,-0.0,0.0,-0.0,-0.0,0.0,-0.0,0.0,-1.627402415864,0.0,0.0,-0.0,0.0,0.0,0.0,296.9158240651963,92.77549323248068,1000000.0
2015-01-06 05:00:00,0.76860400058382,5.995099012751432,0.8891984794706,2.3155573579926974,1.65780248005442,8.310656370744129,0.0,0.0,0.0,2.3810117134,1.7950098630000002,0,0,10.404169999999997,195.06,0.0,-0.0,43.37946290618117,0.0,-0.0,0.0,-0.0,-0.0,-0.0,1.65780248005442,8.310656370744129,0.0,8.310656370759943,1.691635183730682,0.0,-0.0,0.0,-0.0,1.6916351837306123,-0.0,-0.0,0.0,-0.0,-0.0,0.0,-0.0,0.0,-1.657802480056,0.0,0.0,-0.0,0.0,0.0,0.0,294.6837637439924,92.35249166105478,1000000.0
2015-01-06 05:15:00,0.810004216071945,6.430984287727766,0.90399845416264,2.483914436593956,1.714002670234585,8.914898724321722,0.0,0.0,0.0,2.38116466005,1.79512177225,0,0,10.404169999999997,195.06,0.0,-0.0,43.17431800528125,0.0,-0.0,0.0,-0.0,-0.0,-0.0,1.714002670234585,8.914898724321722,0.0,8.914898724319755,1.7489823165672078,0.0,-0.0,0.0,-0.0,1.748982316567347,-0.0,-0.0,0.0,-0.0,-0.0,0.0,-0.0,0.0,-1.714002670236,0.0,0.0,-0.0,0.0,0.0,0.0,292.30180350576563,91.91515372942132,1000000.0
2015-01-06 05:30:00,0.896404665786285,6.8668695627041005,0.9311984076507199,2.652271515195215,1.8276030734370048,9.519141077899317,0.0,0.0,0.0,2.3813176066999997,1.7952336814999998,0,0,10.404169999999997,195.06,0.0,-0.0,42.95626977690195,0.0,-0.0,0.0,-0.0,-0.0,-0.0,1.8276030734370048,9.519141077899317,0.0,9.519141077879794,1.8649010953428728,0.0,-0.0,0.0,-0.0,1.8649010953428573,-0.0,-0.0,0.0,-0.0,-0.0,0.0,-0.0,0.0,-1.827603073436,0.0,0.0,-0.0,0.0,0.0,0.0,289.77002129847267,91.44883654043187,1000000.0
2015-01-06 05:45:00,1.04880545903241,7.302754837680435,0.9767983296748601,2.820628593796474,2.0256037887072704,10.12338343147691,0.0,0.0,0.0,2.38147055335,1.7953455907499998,0,0,15.21177,195.06,0.0,-0.0,42.7253249307727,0.0,-0.0,0.0,-0.0,-0.0,-0.0,2.0256037887072704,10.12338343147691,0.0,10.123383431480079,2.0669426415387306,0.0,-0.0,0.0,-0.0,2.0669426415387755,-0.0,-0.0,0.0,-0.0,-0.0,0.0,-0.0,0.0,-2.025603788708,0.0,0.0,-0.0,0.0,0.0,0.0,287.08849502952745,90.93200943121064,1000000.0
2015-01-06 06:00:00,1.27800665202462,7.738640112656769,1.03879822365504,2.9889856723977326,2.3168048756796598,10.727625785054503,0.0,0.0,0.0,2.3816235,1.7954574999999995,0,0,16.282769999999996,194.89,0.0,-0.0,42.48149017313558,0.0,-0.0,0.0,-0.0,-0.0,-0.0,2.3168048756796598,10.727625785054503,0.0,10.727625785040118,2.3640866078366685,0.0,-0.0,0.0,-0.0,2.3640866078367346,-0.0,-0.0,0.0,-0.0,-0.0,0.0,-0.0,0.0,-2.31680487568,0.0,0.0,-0.0,0.0,0.0,0.0,284.25730256585206,90.34089684724205,1000000.0
2015-01-06 06:15:00,1.55580809798115,7.604521566510205,1.11679809027527,2.937183494366576,2.6726061882564203,10.541705060876781,0.0,0.0,0.0,2.3833083353499998,1.7966905807499995,0,0,16.282769999999996,194.89,0.0,-0.0,42.24178528736536,0.0,-0.0,0.0,-0.0,-0.0,-0.0,2.6726061882564203,10.541705060876781,0.0,10.541705060880076,2.7271491716898026,0.0,-0.0,0.0,-0.0,2.727149171689796,-0.0,-0.0,0.0,-0.0,-0.0,0.0,-0.0,0.0,-2.672606188256,0.0,0.0,-0.0,0.0,0.0,0.0,281.47406250329783,89.65901921342275,1000000.0
2015-01-06 06:30:00,1.84140958453689,7.470403020363641,1.20839793363953,2.8853813163354194,3.0498075181764204,10.35578433669906,0.0,0.0,0.0,2.3849931706999996,1.7979236614999994,0,0,16.282769999999996,194.89,0.0,-0.0,42.006208125929525,0.0,-0.0,0.0,-0.0,-0.0,-0.0,3.0498075181764204,10.35578433669906,0.0,10.355784336680017,3.1120484879347146,0.0,-0.0,0.0,-0.0,3.1120484879346937,-0.0,-0.0,0.0,-0.0,-0.0,0.0,-0.0,0.0,-3.049807518176,0.0,0.0,-0.0,0.0,0.0,0.0,278.73874990662614,88.88091743241986,1000000.0
2015-01-06 06:45:00,2.0952109055727597,7.336284474217075,1.31519775101185,2.8335791383042626,3.4104086565846097,10.169863612521338,0.0,0.0,0.0,2.386678006049999,1.7991567422499992,0,0,16.282769999999996,194.89,0.0,-0.0,41.77475654241054,0.0,-0.0,0.0,-0.0,-0.0,-0.0,3.4104086565846097,10.169863612521338,0.0,10.169863612520203,3.4800088332490304,0.0,-0.0,0.0,-0.0,3.48000883324898,-0.0,-0.0,0.0,-0.0,-0.0,0.0,-0.0,0.0,-3.410408656584,0.0,0.0,-0.0,0.0,0.0,0.0,276.0513398535447,88.01082634319017,1000000.0
2015-01-06 07:00:00,2.284811892445905,7.202165928070511,1.44559752802823,2.781776960273106,3.7304094204741354,9.983942888343616,0.0,0.0,0.0,2.388362841399999,1.8003898229999993,0,0,17.222869999999997,195.18,0.0,-0.0,41.54742839150792,0.0,-0.0,0.0,-0.0,-0.0,-0.0,3.7304094204741354,9.983942888343616,0.0,9.983942888359707,3.8065402249754925,0.0,-0.0,0.0,-0.0,3.8065402249755103,-0.0,-0.0,0.0,-0.0,-0.0,0.0,-0.0,0.0,-3.730409420476,0.0,0.0,-0.0,0.0,0.0,0.0,273.4118074347309,87.05910327611996,1000000.0
2015-01-06 07:15:00,2.41501257014043,7.108282945767916,1.6155972373287197,2.7455154356512965,4.030609807469149,9.853798381419214,0.0,0.0,0.0,2.389130143649999,1.8009515742499995,0,0,17.222869999999997,195.18,0.0,-0.0,41.323020605699845,0.0,-0.0,0.0,-0.0,-0.0,-0.0,4.030609807469149,9.853798381419214,0.0,9.85379838140011,4.112867150489706,0.0,-0.0,0.0,-0.0,4.112867150489796,-0.0,-0.0,0.0,-0.0,-0.0,0.0,-0.0,0.0,-4.03060980748,0.0,0.0,-0.0,0.0,0.0,0.0,270.80618369951486,86.03079942939425,1000000.0
2015-01-06 07:30:00,2.4936129792555604,7.014399963465321,1.83799685702537,2.709253911029487,4.33160983628093,9.723653874494808,0.0,0.0,0.0,2.389897445899999,1.8015133254999995,0,0,17.222869999999997,195.18,0.0,-0.0,41.1015316663956,0.0,-0.0,0.0,-0.0,-0.0,-0.0,4.33160983628093,9.723653874494808,0.0,9.72365387447985,4.420010037020575,0.0,-0.0,0.0,-0.0,4.4200100370204085,-0.0,-0.0,0.0,-0.0,-0.0,0.0,-0.0,0.0,-4.33160983628,0.0,0.0,-0.0,0.0,0.0,0.0,268.2344510153712,84.92571088933967,1000000.0
2015-01-06 07:45:00,2.5332131853746254,6.920516981162726,2.11679638027819,2.6729923864076777,4.650009565652816,9.593509367570404,0.0,0.0,0.0,2.390664748149999,1.8020750767499996,0,0,17.222869999999997,195.18,0.0,-0.0,40.88296005579501,0.0,-0.0,0.0,-0.0,-0.0,-0.0,4.650009565652816,9.593509367570404,0.0,9.593509367559818,4.744907720040771,0.0,-0.0,0.0,-0.0,4.744907720040816,-0.0,-0.0,0.0,-0.0,-0.0,0.0,-0.0,0.0,-4.65000956564,0.0,0.0,-0.0,0.0,0.0,0.0,265.6965917589532,83.73939903361858,1000000.0
2015-01-06 08:00:00,2.54461324471194,6.826633998860132,2.41839586454307,2.636730861785868,4.96300910925501,9.463364860646,0.0,0.0,0.0,2.3914320503999993,1.8026368279999998,0,0,18.37717,194.5,0.0,-0.0,40.66730425688716,0.0,-0.0,0.0,-0.0,-0.0,-0.0,4.96300910925501,9.463364860646,0.0,9.463364860639786,5.06429500942852,0.0,-0.0,0.0,-0.0,5.064295009428571,-0.0,-0.0,0.0,-0.0,-0.0,0.0,-0.0,0.0,-4.96300910924,0.0,0.0,-0.0,0.0,0.0,0.0,263.1925883160786,82.47324154186242,1000000.0
2015-01-06 08:15:00,2.5332131853746254,6.756221762133185,2.7015953802719004,2.609534718319511,5.234808565646526,9.365756480452696,0.0,0.0,0.0,2.3994663831999996,1.808525724,0,0,18.37717,194.5,0.0,-0.0,40.45386221483635,0.0,-0.0,0.0,-0.0,-0.0,-0.0,5.234808565646526,9.365756480452696,0.0,9.36575648044004,5.341641393510201,0.0,-0.0,0.0,-0.0,5.341641393510204,-0.0,-0.0,0.0,-0.0,-0.0,0.0,-0.0,0.0,-5.23480856564,0.0,0.0,-0.0,0.0,0.0,0.0,260.7142890500443,81.13774872024332,1000000.0
2015-01-06 08:30:00,2.50141301985477,6.685809525406238,2.92119500475654,2.5823385748531535,5.422608024611311,9.268148100259392,0.0,0.0,0.0,2.407500716,1.8144146199999998,0,0,18.37717,194.5,0.0,-0.0,40.242632778489046,0.0,-0.0,0.0,-0.0,-0.0,-0.0,5.422608024611311,9.268148100259392,0.0,9.268148100239614,5.533273494489947,0.0,-0.0,0.0,-0.0,5.533273494489877,-0.0,-0.0,0.0,-0.0,-0.0,0.0,-0.0,0.0,-5.42260802460008,0.0,0.0,-0.0,0.0,0.0,0.0,258.26168059467835,79.75434920887211,1000000.0
2015-01-06 08:45:00,2.4558127825055402,6.615397288679293,3.0475947886129098,2.5551424313867965,5.50340757111845,9.170539720066088,0.0,0.0,0.0,2.4155350488000003,1.8203035159999996,0,0,18.37717,194.5,0.0,-0.0,40.0336147972894,0.0,-0.0,0.0,-0.0,-0.0,-0.0,5.50340757111845,9.170539720066088,0.0,9.17053972007966,5.615722011346861,0.0,-0.0,0.0,-0.0,5.615722011346939,-0.0,-0.0,0.0,-0.0,-0.0,0.0,-0.0,0.0,-5.50340757112,0.0,0.0,-0.0,0.0,0.0,0.0,255.8347495907492,78.35033895168618,1000000.0
2015-01-06 09:00:00,2.39941248894201,6.544985051952346,3.09879470106106,2.5279462879204395,5.49820719000307,9.072931339872785,0.0025120077575033475,0.0005384403226122507,0.0037795191123896925,2.4235693816000006,1.8261924119999997,0,0,17.782169999999997,192.6,0.0,-0.0,39.99999999996172,0.0,-0.0,0.0,0.0628001939376,0.01884541129144,0.0755903822476,5.49820719000307,9.072931339872785,0.0,1.029084307848052,8.836713836556612,0.0,-0.0,0.0,-0.0,8.836713836556633,3.319008357302141,-0.0,0.0,-0.0,-0.0,0.0,-0.0,0.0,-8.659979559825501,-8.043847032031984,0.0,-0.0,0.0,0.0,0.0,255.444444444,76.14108214220808,1000000.0
2015-01-06 09:15:00,2.3412121860094346,6.467866887918071,3.10439469148508,2.4981600355525244,5.445606877494514,8.966026923470595,0.011061309828106936,0.008843335672107691,0.0119813853437482,2.4348576712,1.834486884,0,0,17.782169999999997,192.6,0.0,-0.0,39.99999999996172,0.0,-0.0,0.0,0.27653274570280006,0.3095167485236,0.2396277068748,5.445606877494514,8.966026923470595,0.0,-0.5313244444434986,8.694395212018435,0.0,-0.0,0.0,-0.0,8.69439521201838,3.9005776313992113,-0.0,0.0,-0.0,-0.0,0.0,-0.0,0.0,-8.520507307778011,-9.497351367923496,0.0,-0.0,0.0,0.0,0.0,255.444444444,73.96740719812132,1000000.0
2015-01-06 09:30:00,2.283011883076845,6.390748723883797,3.09759470311306,2.4683737831846093,5.380606586189906,8.859122507068406,0.020865969156703797,0.017937213561880532,0.021493580547369193,2.4461459608,1.842781356,0,0,17.782169999999997,192.6,0.0,-0.0,39.99999999996172,0.0,-0.0,0.0,0.5216492289160001,0.627802474664,0.429871610948,5.380606586189906,8.859122507068406,0.0,-0.5313244444434986,7.79607919170985,0.0,-0.0,0.0,-0.0,7.796079191709913,3.8388743362037143,-0.0,0.0,-0.0,-0.0,0.0,-0.0,0.0,-7.6401576078757145,-9.390446951523497,0.0,-0.0,0.0,0.0,0.0,255.444444444,72.01831343278666,1000000.0
2015-01-06 09:45:00,2.236211639481585,6.313630559849522,3.09879470106106,2.438587530816694,5.335006340542645,8.752218090666217,0.029885161105065297,0.027241087185751592,0.03006422034130951,2.4574342503999995,1.851075828,0,0,17.782169999999997,192.6,0.0,-0.0,39.99999999996172,0.0,-0.0,0.0,0.747129027628,0.9534380515,0.601284406828,5.335006340542645,8.752218090666217,0.0,-0.5313244444434986,6.9498905786408045,0.0,-0.0,0.0,-0.0,6.949890578640761,3.7777379124639463,-0.0,0.0,-0.0,-0.0,0.0,-0.0,0.0,-6.810892767067946,-9.283542535123496,0.0,-0.0,0.0,0.0,0.0,255.444444444,70.28076876981302,1000000.0
2015-01-06 10:00:00,2.204411473961715,6.2365123958152475,3.1151946730171103,2.408801278448779,5.319606146978826,8.645313674264028,0.04011681481954695,0.037293779803918466,0.03990370415363645,2.468722539999999,1.8593703000000001,0,0,17.57987,190.94,0.0,-0.0,39.99999999996172,0.0,-0.0,0.0,1.0029203704879999,1.305282293136,0.798074083072,5.319606146978826,8.645313674264028,0.0,-0.5313244444434986,6.051520392190071,0.0,-0.0,0.0,-0.0,6.051520392190086,3.7171605840822837,-0.0,0.0,-0.0,-0.0,0.0,-0.0,0.0,-5.930489984346284,-9.176638118723496,0.0,-0.0,0.0,0.0,0.0,255.444444444,68.76781839099674,1000000.0
2015-01-06 10:15:00,2.18341136465616,6.176159050049294,3.1391946319771806,2.3854902983347586,5.3226059966333406,8.561649348384051,0.05483259587668836,0.04557255453196991,0.0534407655889747,2.484069541599999,1.870683612,0,0,17.57987,190.94,0.0,-0.0,39.99999999996172,0.0,-0.0,0.0,1.3708148969160003,1.59503940862,1.06881531178,5.3226059966333406,8.561649348384051,0.0,-0.5313244444434986,5.049440172621189,0.0,-0.0,0.0,-0.0,5.049440172621142,3.6605149898447187,-0.0,0.0,-0.0,-0.0,0.0,-0.0,0.0,-4.948451369168719,-9.092973792843495,0.0,-0.0,0.0,0.0,0.0,255.444444444,67.50538958002305,1000000.0
2015-01-06 10:30:00,2.1744113178109052,6.115805704283339,3.17319457383728,2.362179318220738,5.347605891648185,8.477985022504077,0.06889746168908664,0.05245148362535083,0.0652859951856369,2.499416543199999,1.881996924,0,0,17.57987,190.94,0.0,-0.0,39.99999999996172,0.0,-0.0,0.0,1.7224365422279997,1.835801926888,1.305719903712,5.347605891648185,8.477985022504077,0.0,-0.5313244444434986,4.17164545794742,0.0,-0.0,0.0,-0.0,4.171645457947458,3.604565029976513,-0.0,0.0,-0.0,-0.0,0.0,-0.0,0.0,-4.088212548788508,-9.009309466963495,0.0,-0.0,0.0,0.0,0.0,255.444444444,66.46241071014661,1000000.0
2015-01-06 10:45:00,2.1744113178109052,6.055452358517385,3.2079945143293798,2.338868338106718,5.382405832140285,8.394320696624103,0.07296254546334098,0.055821925049750844,0.0679353284289703,2.514763544799999,1.893310236,0,0,17.57987,190.94,0.0,-0.0,39.99999999996172,0.0,-0.0,0.0,1.8240636365839997,1.95376737674,1.35870656858,5.382405832140285,8.394320696624103,0.0,-0.5313244444434986,3.87261859067587,0.0,-0.0,0.0,-0.0,3.8726185906758355,3.549297968606318,-0.0,0.0,-0.0,-0.0,0.0,-0.0,0.0,-3.7951662188623185,-8.92564514108386,0.0,-0.0,0.0,0.0,0.0,255.444444444,65.49418960006693,1000000.0
2015-01-06 11:00:00,2.1816113552871,5.995099012751432,3.23359447055346,2.3155573579926974,5.41520582584056,8.310656370744129,0.08362483399433425,0.059332052320191384,0.07507262169003141,2.530110546399999,1.904623548,0,0,17.353769999999997,191.07,0.0,-0.0,39.99999999996172,0.0,-0.0,0.0,2.09062084986,2.076621831208,1.5014524338,5.41520582584056,8.310656370744129,0.0,-0.5313244444434986,3.307359275351189,0.0,-0.0,0.0,-0.0,3.307359275351208,3.4947013788721835,-0.0,0.0,-0.0,-0.0,0.0,-0.0,0.0,-3.2412120898441836,-8.841980815203131,0.0,-0.0,0.0,0.0,0.0,255.444444444,64.66728428703954,1000000.0
2015-01-06 11:15:00,2.198411442731565,5.964922339868455,3.2391944609774703,2.303901867935687,5.437605903709035,8.268824207804142,0.11744117338849522,0.05495813458584825,0.09271074414228517,2.5519314241499993,1.92077689675,0,0,17.353769999999997,191.07,0.0,-0.0,40.08525257464248,0.0,-0.0,0.0,2.936029334712001,1.923534710504,1.854214882844,5.437605903709035,8.268824207804142,0.0,-4.490832912950054,3.799823444551066,0.0,-0.0,0.0,-0.0,3.7998234445510204,5.0,-0.0,0.0,-0.0,-0.0,0.0,-0.0,0.0,-3.7238269756599998,-12.759657120749996,0.0,-0.0,0.0,0.0,0.0,256.43432156112664,63.71726375861748,1000000.0
2015-01-06 11:30:00,2.230811611374435,5.934745666985478,3.2107945095413903,2.2922463778786772,5.441606120915825,8.226992044864154,0.12100840503291004,0.0490895173783389,0.08834754295198358,2.5737523019,1.9369302455,0,0,17.353769999999997,191.07,0.0,-0.0,40.17371064804429,0.0,-0.0,0.0,3.0252101258239996,1.71813310824,1.76695085904,5.441606120915825,8.226992044864154,0.0,-4.641769464619983,4.011542885526467,0.0,-0.0,0.0,-0.0,4.011542885526532,5.0,-0.0,0.0,-0.0,-0.0,0.0,-0.0,0.0,-3.9313120278160008,-12.8687615095,0.0,-0.0,0.0,0.0,0.0,257.46141808006985,62.7143143199721,1000000.0
2015-01-06 11:45:00,2.283011883076845,5.9045689941025,3.1391946319771806,2.280590887821667,5.422206515054025,8.185159881924168,0.14181242651886977,0.0365682651878547,0.08818599798979211,2.59557317965,1.9530835942499998,0,0,17.353769999999997,191.07,0.0,-0.0,40.26537255330867,0.0,-0.0,0.0,3.5453106629720006,1.279889281576,1.763719959796,5.422206515054025,8.185159881924168,0.0,-4.79270601632993,3.9115169496897977,0.0,-0.0,0.0,-0.0,3.911516949689796,5.0,-0.0,0.0,-0.0,-0.0,0.0,-0.0,0.0,-3.8332866106959997,-12.97786589825,0.0,-0.0,0.0,0.0,0.0,258.5257146467507,61.73637236823532,1000000.0
2015-01-06 12:00:00,2.3562122640848395,5.874392321219523,3.03279481392087,2.2689353977646567,5.38900707800571,8.14332771898418,0.1361878416136382,0.031673065493251676,0.07673527272710808,2.6173940574000003,1.9692369429999999,0,0,17.175269999999998,191.04,0.0,-0.0,40.360236624442194,0.0,-0.0,0.0,3.40469604034,1.108557292264,1.534705454544,5.38900707800571,8.14332771898418,0.0,-4.943642568000087,4.429641113114229,0.0,-0.0,0.0,-0.0,4.429641113114286,5.0,-0.0,0.0,-0.0,-0.0,0.0,-0.0,0.0,-4.341048290852,-13.086970287000002,0.0,-0.0,0.0,0.0,0.0,259.62719191713444,60.62890035358439,1000000.0
2015-01-06 12:15:00,2.435412676322985,5.871039357565859,2.9063950300645,2.267640343313878,5.341807706387485,8.138679700879738,0.12356894986962841,0.04215125456751138,0.07227176234048517,2.63610245805,1.98314488225,0,0,17.175269999999998,191.04,0.0,-0.0,40.45716550547483,0.0,-0.0,0.0,3.08922374674,1.475293909864,1.445435246808,5.341807706387485,8.138679700879738,0.0,-5.04183258936996,4.4202600030489805,0.0,-0.0,0.0,-0.0,4.4202600030489805,5.0,-0.0,0.0,-0.0,-0.0,0.0,-0.0,0.0,-4.331854802988,-13.18051229025,0.0,-0.0,0.0,0.0,0.0,260.75264392468,59.52377472392179,1000000.0
2015-01-06 12:30:00,2.4990130073627097,5.867686393912196,2.7699952633081,2.266345288863099,5.26900827067081,8.134031682775294,0.09917834336219841,0.045372118476275904,0.06163587974651297,2.6548108586999994,1.9970528214999999,0,0,17.175269999999998,191.04,0.0,-0.0,40.55615812270543,0.0,-0.0,0.0,2.479458584056,1.588024146668,1.232717594932,5.26900827067081,8.134031682775294,0.0,-5.140022610740061,5.070212188799957,0.0,-0.0,0.0,-0.0,5.070212188799999,5.0,-0.0,0.0,-0.0,-0.0,0.0,-0.0,0.0,-4.9688079450239995,-13.274054293499997,0.0,-0.0,0.0,0.0,0.0,261.9020582025242,58.25616215294708,1000000.0
2015-01-06 12:45:00,2.5332131853746254,5.864333430258532,2.63679549107971,2.26505023441232,5.170008676454335,8.129383664670852,0.09008212043807645,0.044638089663133644,0.05541100066604199,2.6735192593499995,2.0109607607499997,0,0,17.175269999999998,191.04,0.0,-0.0,40.65721340299031,0.0,-0.0,0.0,2.2520530109519994,1.562333138208,1.10822001332,5.170008676454335,8.129383664670852,0.0,-5.238212632069917,5.354492361183759,0.0,-0.0,0.0,-0.0,5.3544923611836746,5.0,-0.0,0.0,-0.0,-0.0,0.0,-0.0,0.0,-5.247402513960001,-13.367596296749998,0.0,-0.0,0.0,0.0,0.0,263.0754222902764,56.91748080648898,1000000.0
2015-01-06 13:00:00,2.521813126037325,5.860980466604868,2.51559569833136,2.263755179961541,5.0374088243686845,8.124735646566409,0.058026381576191,0.04263102969460137,0.044355584069763095,2.692227659999999,2.0248687,0,0,16.853969999999997,194.29,0.0,-0.0,40.76033027374554,0.0,-0.0,0.0,1.450659539404,1.492086039312,0.887111681396,5.0374088243686845,8.124735646566409,0.0,-5.336402653440018,6.3342362900489775,0.0,-0.0,0.0,-0.0,6.334236290048979,5.0,-0.0,0.0,-0.0,-0.0,0.0,-0.0,0.0,-6.207551564248,-13.461138299999995,0.0,-0.0,0.0,0.0,0.0,264.2727237340454,55.33386481649593,1000000.0
2015-01-06 13:15:00,2.47501288244205,5.88780417583418,2.4143958713830598,2.274115615567772,4.88940875382511,8.161919791401953,0.0462077261902799,0.03769113846213198,0.037447422569693925,2.6987362353999993,2.029719153,0,0,16.853969999999997,194.29,0.0,-0.0,40.86329359212377,0.0,-0.0,0.0,1.1551931547559997,1.319189846176,0.748948451392,4.88940875382511,8.161919791401953,0.0,-5.331761385599975,6.8021196954243806,0.0,-0.0,0.0,-0.0,6.80211969542449,5.0,-0.0,0.0,-0.0,-0.0,0.0,-0.0,0.0,-6.666077301516,-13.493681176999996,0.0,-0.0,0.0,0.0,0.0,265.4682422641037,53.63327955877502,1000000.0
2015-01-06 13:30:00,2.40541252017216,5.914627885063493,2.34159599587085,2.2844760511740034,4.74700851604301,8.199103936237496,0.047639180075838096,0.03190578316215958,0.031924550220229136,2.705244810799999,2.034569606,0,0,16.853969999999997,194.29,0.0,-0.0,40.96610343797222,0.0,-0.0,0.0,1.1909795018959999,1.116702410676,0.638491004404,4.74700851604301,8.199103936237496,0.0,-5.327120117759932,6.939628162310214,0.0,-0.0,0.0,-0.0,6.939628162310204,5.0,-0.0,0.0,-0.0,-0.0,0.0,-0.0,0.0,-6.800835599064,-13.526224053999996,0.0,-0.0,0.0,0.0,0.0,266.66197880756636,51.898318884917906,1000000.0
2015-01-06 13:45:00,2.330412129795135,5.941451594292806,2.3039960601667397,2.294836486780235,4.634408189961874,8.236288081073042,0.023301365715919398,0.02067682074390278,0.019397941349319867,2.711753386199999,2.039420059,0,0,16.853969999999997,194.29,0.0,-0.0,41.06875989109663,0.0,-0.0,0.0,0.5825341428960001,0.723688726036,0.3879588269864,4.634408189961874,8.236288081073042,0.0,-5.322478849919889,8.102271932695515,0.0,-0.0,0.0,-0.0,8.10227193269551,5.0,-0.0,0.0,-0.0,-0.0,0.0,-0.0,0.0,-7.9402264940416,-13.558766930999994,0.0,-0.0,0.0,0.0,0.0,267.8539342910664,49.87269900342514,1000000.0
2015-01-06 14:00:00,2.2590117581562,5.968275303522118,2.29999606700673,2.305196922386466,4.55900782516293,8.273472225908584,0.014052982499397522,0.010136840589971692,0.008948126172169278,2.718261961599999,2.0442705119999998,0,0,16.496969999999997,194.47,0.0,-0.0,41.171263031261205,0.0,-0.0,0.0,0.3513245624848,0.3547894206492,0.1789625234432,4.55900782516293,8.273472225908584,0.0,-5.317837582080074,8.850950325084483,0.0,-0.0,0.0,-0.0,8.85095032508449,5.0,-0.0,0.0,-0.0,-0.0,0.0,-0.0,0.0,-8.6739313185828,-13.591309807999997,0.0,-0.0,0.0,0.0,0.0,269.0441096407551,47.65991154945502,1000000.0
2015-01-06 14:15:00,2.19481142399346,6.008510867366088,2.3267960211788,2.320737575795813,4.521607445172259,8.329248443161902,0.0049707519589957975,0.001170240004853916,0.00012830465068313726,2.7144873797999995,2.0414568109999998,0,0,16.496969999999997,194.47,0.0,-0.0,41.27210559195519,0.0,-0.0,0.0,0.1242687989748,0.04095840017,0.002566093013664,4.521607445172259,8.329248443161902,0.0,-5.243188455840027,9.544708319389315,0.0,-0.0,0.0,-0.0,9.544708319389324,5.0,-0.0,0.0,-0.0,-0.0,0.0,-0.0,0.0,-9.353814153001537,-13.572436898999998,0.0,-0.0,0.0,0.0,0.0,270.2150038177019,45.27368680969614,1000000.0
2015-01-06 14:30:00,2.1366111210608847,6.0487464312100565,2.37959593089096,2.33627822920516,4.516207051951845,8.385024660415215,0.0,0.0,0.0,2.7107127979999994,2.03864311,0,0,16.496969999999997,194.47,0.0,-0.0,41.371288436679905,0.0,-0.0,0.0,-0.0,-0.0,-0.0,4.516207051951845,8.385024660415215,0.0,-5.16853932959998,9.710415359142843,0.0,-0.0,0.0,-0.0,9.710415359142857,5.0,-0.0,0.0,-0.0,-0.0,0.0,-0.0,0.0,-9.51620705196,-13.553563989999997,0.0,-0.0,0.0,0.0,0.0,271.3666268481167,42.84603769622362,1000000.0
2015-01-06 14:45:00,2.080210827497355,6.088981995054025,2.45359580435117,2.351818882614507,4.533806631848526,8.440800877668533,0.0,0.0,0.0,2.7069382161999997,2.0358294090000006,0,0,16.496969999999997,194.47,0.0,-0.0,41.4688124284868,0.0,-0.0,0.0,-0.0,-0.0,-0.0,4.533806631848526,8.440800877668533,0.0,-5.093890203319916,9.72837411412246,0.0,-0.0,0.0,-0.0,9.72837411412245,5.0,-0.0,0.0,-0.0,-0.0,0.0,-0.0,0.0,-9.533806631840001,-13.534691080999998,0.0,-0.0,0.0,0.0,0.0,272.49898875298567,40.4139013216553,1000000.0
2015-01-06 15:00:00,2.02741055267193,6.129217558897995,2.5355956641314097,2.367359536023854,4.563006216803339,8.49657709492185,0.0,0.0,0.0,2.7031636344,2.0330157080000006,0,0,16.580269999999995,188.66,0.0,-0.0,41.56467842998026,0.0,-0.0,0.0,-0.0,-0.0,-0.0,4.563006216803339,8.49657709492185,0.0,-5.019241077080096,9.758169608979586,0.0,-0.0,0.0,-0.0,9.758169608979593,5.0,-0.0,0.0,-0.0,-0.0,0.0,-0.0,0.0,-9.5630062168,-13.515818172,0.0,-0.0,0.0,0.0,0.0,273.61209954810414,37.97431850550908,1000000.0
2015-01-06 15:15:00,1.9824103184457151,6.209688686585934,2.6123955328036406,2.398440842842548,4.5948058512493555,8.608129529428481,0.0,0.0,0.0,2.6882429352,2.0219133640000004,0,0,16.580269999999995,188.66,0.0,-0.0,41.65648643910825,0.0,-0.0,0.0,-0.0,-0.0,-0.0,4.5948058512493555,8.608129529428481,0.0,-4.833085146560052,9.790618215551035,0.0,-0.0,0.0,-0.0,9.79061821555102,5.0,-0.0,0.0,-0.0,-0.0,0.0,-0.0,0.0,-9.59480585124,-13.441214676,0.0,-0.0,0.0,0.0,0.0,274.67809254297913,35.526625977302814,1000000.0
2015-01-06 15:30:00,1.9452101248186948,6.290159814273872,2.6691954356757996,2.429522149661242,4.614405560494495,8.719681963935114,0.0,0.0,0.0,2.673322236,2.0108110200000002,0,0,16.580269999999995,188.66,0.0,-0.0,41.74423856602767,0.0,-0.0,0.0,-0.0,-0.0,-0.0,4.614405560494495,8.719681963935114,0.0,-4.646929216080025,9.810617918857133,0.0,-0.0,0.0,-0.0,9.810617918857142,5.0,-0.0,0.0,-0.0,-0.0,0.0,-0.0,0.0,-9.61440556048,-13.366611180000001,0.0,-0.0,0.0,0.0,0.0,275.6969922388768,33.07393597096255,1000000.0
2015-01-06 15:45:00,1.9242100155131248,6.370630941961812,2.6959953898478797,2.4606034564799355,4.620205405361005,8.831234398441747,0.0,0.0,0.0,2.6584015368000005,1.9997086760000005,0,0,16.580269999999995,188.66,0.0,-0.0,41.8279369197964,0.0,-0.0,0.0,-0.0,-0.0,-0.0,4.620205405361005,8.831234398441747,0.0,-4.460773285559981,9.816536127918368,0.0,-0.0,0.0,-0.0,9.816536127918368,5.0,-0.0,0.0,-0.0,-0.0,0.0,-0.0,0.0,-9.62020540536,-13.292007684000001,0.0,-0.0,0.0,0.0,0.0,276.6688231243026,30.619768865046986,1000000.0
2015-01-06 16:00:00,1.920609996775035,6.4511020696497505,2.7039953761679105,2.4916847632986294,4.624605372942946,8.94278683294838,0.0,0.0,0.0,2.6434808376000003,1.9886063320000003,0,0,16.65167,191.42,0.0,-0.0,41.90758360837647,0.0,-0.0,0.0,-0.0,-0.0,-0.0,4.624605372942946,8.94278683294838,0.0,-4.274617355039936,9.821025890775516,0.0,-0.0,0.0,-0.0,9.82102589077551,5.0,-0.0,0.0,-0.0,-0.0,0.0,-0.0,0.0,-9.62460537296,-13.217404188000001,0.0,-0.0,0.0,0.0,0.0,277.59360967503795,28.164481772584242,1000000.0
2015-01-06 16:15:00,1.9392100935885301,6.518161342723033,2.70679537137991,2.5175858523142076,4.64600546496844,9.03574719503724,0.0,0.0,0.0,2.6278567498000003,1.9770164610000003,0,0,16.65167,191.42,0.0,-0.0,41.98350532276051,0.0,-0.0,0.0,-0.0,-0.0,-0.0,4.64600546496844,9.03574719503724,0.0,-4.103536553960112,9.84286271934694,0.0,-0.0,0.0,-0.0,9.84286271934694,5.0,-0.0,0.0,-0.0,-0.0,0.0,-0.0,0.0,-9.64600546496,-13.139283749,0.0,-0.0,0.0,0.0,0.0,278.47514513649696,25.703737928265735,1000000.0
2015-01-06 16:30:00,1.9842103278147598,6.585220615796315,2.7187953508599496,2.5434869413297863,4.703005678674709,9.128707557126102,0.0,0.0,0.0,2.6122326620000003,1.96542659,0,0,16.65167,191.42,0.0,-0.0,42.05570399993506,0.0,-0.0,0.0,-0.0,-0.0,-0.0,4.703005678674709,9.128707557126102,0.0,-3.9324557528800597,9.901026202734698,0.0,-0.0,0.0,-0.0,9.901026202734695,5.0,-0.0,0.0,-0.0,-0.0,0.0,-0.0,0.0,-9.70300567868,-13.061163310000001,0.0,-0.0,0.0,0.0,0.0,279.313451999246,23.22845567384413,1000000.0
2015-01-06 16:45:00,2.06521074942195,6.6522798888695975,2.74879529956004,2.5693880303453644,4.81400604898199,9.221667919214962,0.0,0.0,0.0,2.5966085742000002,1.9538367189999999,0,0,16.65167,191.42,0.0,-0.0,42.124181575879504,0.0,-0.0,0.0,-0.0,-0.0,-0.0,4.81400604898199,9.221667919214962,0.0,-3.7613749518000077,10.014291886734696,0.0,-0.0,0.0,-0.0,10.014291886734693,5.0,-0.0,0.0,-0.0,-0.0,0.0,-0.0,0.0,-9.814006049,-12.983042871000002,0.0,-0.0,0.0,0.0,0.0,280.1085527421564,20.724859473704782,1000000.0
2015-01-06 17:00:00,2.179811345918055,6.71933916194288,2.7727952585201097,2.5952891193609426,4.952606604438165,9.314628281303822,0.0,0.0,0.0,2.5809844864,1.942246848,0,0,17.222869999999997,189.21,0.0,-0.0,42.1889399855656,0.0,-0.0,0.0,-0.0,-0.0,-0.0,4.952606604438165,9.314628281303822,0.0,-3.590294150679938,10.15572102493877,0.0,-0.0,0.0,-0.0,10.155721024938776,5.0,-0.0,0.0,-0.0,-0.0,0.0,-0.0,0.0,-9.95260660444,-12.904922432000001,0.0,-0.0,0.0,0.0,0.0,280.8604698324005,18.185908492610615,1000000.0
2015-01-06 17:15:00,2.32441209856497,6.736103980211201,2.7687952653601,2.601764391614837,5.09320736392507,9.337868371826039,0.0,0.0,0.0,2.5785212831499997,1.9404231517499997,0,0,17.222869999999997,189.21,0.0,-0.0,42.25289915877116,0.0,-0.0,0.0,-0.0,-0.0,-0.0,5.09320736392507,9.337868371826039,0.0,-3.5547380439099925,10.299191187673472,0.0,-0.0,0.0,-0.0,10.29919118767347,5.0,-0.0,0.0,-0.0,-0.0,0.0,-0.0,0.0,-10.093207363920001,-12.892606415749999,0.0,-0.0,0.0,0.0,0.0,281.60310689906515,15.611092509783752,1000000.0
2015-01-06 17:30:00,2.4918129698865146,6.752868798479521,2.70679537137991,2.6082396638687317,5.198608341266425,9.361108462348252,0.0,0.0,0.0,2.5760580798999997,1.9385994554999997,0,0,17.222869999999997,189.21,0.0,-0.0,42.316059511099176,0.0,-0.0,0.0,-0.0,-0.0,-0.0,5.198608341266425,9.361108462348252,0.0,-3.519181937140047,10.406743205387755,0.0,-0.0,0.0,-0.0,10.406743205387755,5.0,-0.0,0.0,-0.0,-0.0,0.0,-0.0,0.0,-10.19860834128,-12.880290399499998,0.0,-0.0,0.0,0.0,0.0,282.33646876776265,13.009391097344304,1000000.0
2015-01-06 17:45:00,2.67421391928345,6.769633616747841,2.56959560599151,2.6147149361226263,5.24380952527496,9.384348552870467,0.0,0.0,0.0,2.5735948766499996,1.9367757592499997,0,0,17.222869999999997,189.21,0.0,-0.0,42.37842145793649,0.0,-0.0,0.0,-0.0,-0.0,-0.0,5.24380952527496,9.384348552870467,0.0,-3.4836258303701015,10.452866862530612,0.0,-0.0,0.0,-0.0,10.452866862530612,5.0,-0.0,0.0,-0.0,-0.0,0.0,-0.0,0.0,-10.24380952528,-12.867974383249997,0.0,-0.0,0.0,0.0,0.0,283.0605602615959,10.396161372320552,1000000.0
2015-01-06 18:00:00,2.86381490615658,6.786398435016162,2.37959593089096,2.621190208376521,5.24341083704754,9.407588643392682,0.0,0.0,0.0,2.571131673399999,1.9349520629999994,0,0,22.64927,189.4,0.0,-0.0,42.439985414453965,0.0,-0.0,0.0,-0.0,-0.0,-0.0,5.24341083704754,9.407588643392682,0.0,-3.4480697235999287,10.452460037795916,0.0,-0.0,0.0,-0.0,10.452460037795918,5.0,-0.0,0.0,-0.0,-0.0,0.0,-0.0,0.0,-10.243410837039999,-12.855658366999997,0.0,-0.0,0.0,0.0,0.0,283.7753862011599,7.783035966710202,1000000.0
2015-01-06 18:15:00,3.048015864922575,6.783045471362498,2.16239630230232,2.619895153925742,5.210412167224895,9.40294062528824,0.0,0.0,0.0,2.5752415996499995,1.9379954942499995,0,0,22.64927,189.4,0.0,-0.0,42.50205989083445,0.0,-0.0,0.0,-0.0,-0.0,-0.0,5.210412167224895,9.40294062528824,0.0,-3.4732673729699854,10.418787925755105,0.0,-0.0,0.0,-0.0,10.418787925755103,5.0,-0.0,0.0,-0.0,-0.0,0.0,-0.0,0.0,-10.210412167240001,-12.876207998249997,0.0,-0.0,0.0,0.0,0.0,284.4961398435778,5.178331202235459,1000000.0
2015-01-06 18:30:00,3.217216745613165,6.779692507708834,1.9507966641377004,2.618600099474963,5.168013409750865,9.398292607183798,0.0,0.0,0.0,2.5793515259,1.9410389254999998,0,0,22.64927,189.4,0.0,-0.0,42.56464462160677,0.0,-0.0,0.0,-0.0,-0.0,-0.0,5.168013409750865,9.398292607183798,0.0,-3.4984650223000244,10.375523887510205,0.0,-0.0,0.0,-0.0,10.375523887510205,5.0,-0.0,0.0,-0.0,-0.0,0.0,-0.0,0.0,-10.16801340976,-12.8967576295,0.0,-0.0,0.0,0.0,0.0,285.22281810643415,2.5844450520267053,1000000.0
2015-01-06 18:45:00,3.3618174982600797,6.77633954405517,1.7691969746731702,2.6173050450241844,5.13101447293325,9.393644589079354,0.0,0.0,0.0,2.5834614521500003,1.94408235675,0,0,22.64927,189.4,0.0,-0.0,42.627739341439494,0.0,-0.0,0.0,-0.0,-0.0,-0.0,5.13101447293325,9.393644589079354,0.0,-3.523662671670081,10.337769870326612,0.0,-0.0,0.0,-0.0,10.33776987032653,5.0,-0.0,0.0,-0.0,-0.0,0.0,-0.0,0.0,-10.13101447292,-12.917307260750002,0.0,-0.0,0.0,0.0,0.0,285.95541790893634,-0.0,1000000.0
2015-01-06 19:00:00,3.4710180666490347,6.772986580401506,1.61799723322473,2.6160099905734056,5.089015299873765,9.38899657097491,0.0,0.0,0.0,2.5875713784000007,1.9471257880000001,0,0,22.304170000000003,154.88,56.25677809528113,390.64667241135356,42.69134378513831,10.08901529988,-0.0,0.0,-0.0,-0.0,-0.0,5.089015299873765,9.38899657097491,0.0,-3.5488603210399106,0.0,0.0,10.08901529988,0.0,-0.0,-0.0,5.0,-0.0,0.0,-0.0,-0.0,-10.08901529988,-0.0,0.0,0.0,-12.937856892000003,0.0,-0.0,0.0,0.0,0.0,286.6939361718837,-0.0,1000000.0
2015-01-06 19:15:00,3.536418407057805,6.705927307328223,1.49959743568838,2.5901089015578274,5.036015842746185,9.29603620888605,0.0,0.0,0.0,2.5885611738000005,1.9478591410000001,0,0,22.304170000000003,154.88,55.96125086990309,388.59453343166723,42.75702325034391,10.036015842760001,-0.0,0.0,-0.0,-0.0,-0.0,5.036015842746185,9.29603620888605,0.0,-3.6467696601200714,0.0,0.0,10.036015842760001,0.0,-0.0,-0.0,5.0,-0.0,0.0,-0.0,-0.0,-10.036015842760001,-0.0,0.0,0.0,-12.942805869000003,0.0,-0.0,0.0,0.0,0.0,287.4565477401043,-0.0,1000000.0
2015-01-06 19:30:00,3.549618475764165,6.638868034254941,1.4091975902721199,2.564207812542249,4.9588160660362846,9.20307584679719,0.0,0.0,0.0,2.5895509692000003,1.9485924940000001,0,0,22.304170000000003,154.88,55.530781633921855,385.60535807706884,42.824776658045124,9.95881606604,-0.0,0.0,-0.0,-0.0,-0.0,4.9588160660362846,9.20307584679719,0.0,-3.744678999200005,0.0,0.0,9.95881606604,0.0,-0.0,-0.0,5.0,-0.0,0.0,-0.0,-0.0,-9.95881606604,-0.0,0.0,0.0,-12.947754846000002,0.0,-0.0,0.0,0.0,0.0,288.2432400850795,-0.0,1000000.0
2015-01-06 19:45:00,3.502818232168905,6.571808761181659,1.34719769629194,2.538306723526671,4.850015928460845,9.11011548470833,0.0,0.0,0.0,2.5905407645999996,1.9493258470000001,0,0,22.304170000000003,154.88,54.92410744288146,381.3926167507456,42.894602929791844,9.850015928480001,-0.0,0.0,-0.0,-0.0,-0.0,4.850015928460845,9.11011548470833,0.0,-3.8425883382799384,0.0,0.0,9.850015928480001,0.0,-0.0,-0.0,5.0,-0.0,0.0,-0.0,-0.0,-9.850015928480001,-0.0,0.0,0.0,-12.952703822999998,0.0,-0.0,0.0,0.0,0.0,289.05400068480526,-0.0,1000000.0
2015-01-06 20:00:00,3.3954176731489953,6.504749488108376,1.30279777221581,2.5124056345110928,4.698215445364806,9.017155122619469,0.0,0.0,0.0,2.5915305599999994,1.9500592,0,0,22.05427,156.81,53.471765487534896,380.1942909967252,42.966500987695625,9.698215445359995,-0.0,0.0,-0.0,-0.0,-0.0,4.698215445364806,9.017155122619469,0.0,-3.9404976773998897,0.0,0.0,9.698215445359995,0.0,-0.0,-0.0,5.0,-0.0,0.0,-0.0,-0.0,-9.698215445359995,-0.0,0.0,0.0,-12.957652799999996,0.0,-0.0,0.0,0.0,0.0,289.88881702379916,-0.0,1000000.0
2015-01-06 20:15:00,3.2454168923949305,6.323689450810514,1.2679978317237102,2.442472694169031,4.513414724118641,8.766162144979546,0.0,0.0,0.0,2.5951711133999997,1.952757863,0,0,16.615969999999997,156.81,39.518653413384044,372.9496407223143,43.04415773923551,9.51341472412,-0.0,0.0,-0.0,-0.0,-0.0,4.513414724118641,8.766162144979546,0.0,-4.209693422039891,0.0,0.0,9.51341472412,0.0,-0.0,-0.0,5.0,-0.0,0.0,-0.0,-0.0,-9.51341472412,-0.0,0.0,0.0,-12.975855566999998,0.0,-0.0,0.0,0.0,0.0,290.79049819445675,-0.0,1000000.0
2015-01-06 20:30:00,3.079816030442445,6.142629413512653,1.23399788986361,2.37253975382697,4.313813920306055,8.515169167339623,0.0,0.0,0.0,2.5988116667999996,1.955456526,0,0,16.615969999999997,156.81,38.689513171404876,365.1247902113449,43.12757018989082,9.313813920320001,-0.0,0.0,-0.0,-0.0,-0.0,4.313813920306055,8.515169167339623,0.0,-4.478889166679892,0.0,0.0,9.313813920320001,0.0,-0.0,-0.0,5.0,-0.0,0.0,-0.0,-0.0,-9.313813920320001,-0.0,0.0,0.0,-12.994058333999998,0.0,-0.0,0.0,0.0,0.0,291.7590094270656,-0.0,1000000.0
2015-01-06 20:45:00,2.923815218458215,5.961569376214791,1.19239796099949,2.3026068134849087,4.116213179457705,8.2641761896997,0.0,0.0,0.0,2.6024522202,1.9581551890000002,0,0,16.615969999999997,156.81,37.868681175794904,357.37834716699655,43.21673534669801,9.116213179439999,-0.0,0.0,-0.0,-0.0,-0.0,4.116213179457705,8.2641761896997,0.0,-4.748084911319893,0.0,0.0,9.116213179439999,0.0,-0.0,-0.0,5.0,-0.0,0.0,-0.0,-0.0,-9.116213179439999,-0.0,0.0,0.0,-13.012261101,0.0,-0.0,0.0,0.0,0.0,292.79431596999353,-0.0,1000000.0
2015-01-06 21:00:00,2.797814562624795,5.780509338916929,1.14799803692336,2.232673873142847,3.945812599548155,8.013183212059776,0.0,0.0,0.0,2.6060927736000004,1.960853852,0,0,15.09277,155.81,33.75427300702001,348.46176528389344,43.31165021824988,8.945812599547999,-0.0,0.0,-0.0,-0.0,-0.0,3.945812599548155,8.013183212059776,0.0,-5.017280655959894,0.0,0.0,8.945812599547999,0.0,-0.0,-0.0,5.0,-0.0,0.0,-0.0,-0.0,-8.945812599547999,-0.0,0.0,0.0,-13.030463868000002,0.0,-0.0,0.0,0.0,0.0,293.89638308967915,-0.0,1000000.0
2015-01-06 21:15:00,2.694614025466005,5.378153700477235,1.10599810874323,2.0772673390493774,3.800612134209235,7.4554210395266125,0.0,0.0,0.0,2.6080860168,1.9623322760000002,0,0,15.09277,155.81,33.20640370020262,342.8058441577371,43.418739551046244,8.800612134208,-0.0,0.0,-0.0,-0.0,-0.0,3.800612134209235,7.4554210395266125,0.0,-5.585009044480103,0.0,0.0,8.800612134208,0.0,-0.0,-0.0,5.0,-0.0,0.0,-0.0,-0.0,-8.800612134208,-0.0,0.0,0.0,-13.040430084,0.0,-0.0,0.0,0.0,0.0,295.13980923159255,-0.0,1000000.0
2015-01-06 21:30:00,2.60101353827547,4.9757980620375415,1.06999817030313,1.9218608049559078,3.6710117085786003,6.897658866993449,0.0,0.0,0.0,2.61007926,1.9638107000000002,0,0,15.09277,155.81,32.71739634622624,337.75758357846246,43.537997014367264,8.67101170858,-0.0,0.0,-0.0,-0.0,-0.0,3.6710117085786003,6.897658866993449,0.0,-6.152737433000084,0.0,0.0,8.67101170858,0.0,-0.0,-0.0,5.0,-0.0,0.0,-0.0,-0.0,-8.67101170858,-0.0,0.0,0.0,-13.0503963,0.0,-0.0,0.0,0.0,0.0,296.52452088904215,-0.0,1000000.0
2015-01-06 21:45:00,2.503213029223815,4.573442423597848,1.04559821202706,1.766454270862438,3.548811241250875,6.339896694460286,0.0,0.0,0.0,2.6120725032,1.9652891240000003,0,0,15.09277,155.81,32.256310459407736,332.99756987486853,43.66941628078506,8.548811241252,-0.0,0.0,-0.0,-0.0,-0.0,3.548811241250875,6.339896694460286,0.0,-6.720465821520065,0.0,0.0,8.548811241252,0.0,-0.0,-0.0,5.0,-0.0,0.0,-0.0,-0.0,-8.548811241252,-0.0,0.0,0.0,-13.060362516,0.0,-0.0,0.0,0.0,0.0,298.05044459355986,-0.0,1000000.0
2015-01-06 22:00:00,2.390412442096755,4.171086785158154,1.02919824007101,1.6110477367689684,3.4196106821677654,5.782134521927123,0.0,0.0,0.0,2.6140657463999997,1.9667675480000004,0,0,16.65167,151.42,35.0501446519841,318.7243623734696,43.81299102616289,8.419610682167999,-0.0,0.0,-0.0,-0.0,-0.0,3.4196106821677654,5.782134521927123,0.0,-7.288194210080064,0.0,0.0,8.419610682167999,0.0,-0.0,-0.0,5.0,-0.0,0.0,-0.0,-0.0,-8.419610682167999,-0.0,0.0,0.0,-13.070328731999998,0.0,-0.0,0.0,0.0,0.0,299.71750691489126,-0.0,1000000.0
2015-01-06 22:15:00,2.26441178626335,3.9598500749773153,1.01879825785498,1.529459306369897,3.28321004411833,5.489309381347212,0.0,0.0,0.0,2.6057954314,1.9606373730000004,0,0,16.65167,151.42,34.48232004884292,313.5609162201626,43.961905615280855,8.28321004412,-0.0,0.0,-0.0,-0.0,-0.0,3.28321004411833,5.489309381347212,0.0,-7.539667775640055,0.0,0.0,8.28321004412,0.0,-0.0,-0.0,5.0,-0.0,0.0,-0.0,-0.0,-8.28321004412,-0.0,0.0,0.0,-13.028977157,0.0,-0.0,0.0,0.0,0.0,301.4465707552055,-0.0,1000000.0
2015-01-06 22:30:00,2.128811080461675,3.7486133647964763,1.00639827905894,1.4478708759708252,3.1352093595206147,5.196484240767301,0.0,0.0,0.0,2.5975251164,1.9545071980000002,0,0,16.65167,151.42,33.8662054089096,307.9583503046296,44.1161572714211,8.135209359520001,-0.0,0.0,-0.0,-0.0,-0.0,3.1352093595206147,5.196484240767301,0.0,-7.791141341240063,0.0,0.0,8.135209359520001,0.0,-0.0,-0.0,5.0,-0.0,0.0,-0.0,-0.0,-8.135209359520001,-0.0,0.0,0.0,-12.987625582,0.0,-0.0,0.0,0.0,0.0,303.23760387372283,-0.0,1000000.0
2015-01-06 22:45:00,1.986010337183805,3.5373766546156378,0.9931983016309001,1.3662824455717537,2.979208638814705,4.903659100187392,0.0,0.0,0.0,2.5892548014,1.948377023,0,0,16.65167,151.42,164.19048595349005,1493.0468465371619,44.27574321930791,39.4412058258397,-0.0,0.0,-0.0,-0.0,-0.0,2.979208638814705,4.903659100187392,0.0,-8.042614906800054,-30.832757243283204,0.0,39.4412058258397,0.0,31.461997187023705,-0.0,5.0,-0.0,0.0,-0.0,-0.0,-39.4412058258397,-0.0,-30.83275724328323,0.0,-12.946274007,0.0,-0.0,0.0,0.0,0.0,305.0905740464085,7.708189310820801,1000000.0
2015-01-06 23:00:00,1.84140958453689,3.3261399444347988,0.97399833446285,1.2846940151726822,2.81540791899974,4.610833959607481,0.0,0.0,0.0,2.5809844864,1.942246848,0,0,14.997569999999996,194.92,0.0,-0.0,44.44066068511043,0.0,-0.0,0.0,-0.0,-0.0,-0.0,2.81540791899974,4.610833959607481,0.0,-8.294088472400063,7.974906039795918,0.0,-0.0,0.0,-0.0,7.974906039795918,5.0,-0.0,0.0,-0.0,-0.0,0.0,-0.0,0.0,-7.815407919,-12.904922432000001,0.0,-0.0,0.0,0.0,0.0,307.0054490660044,5.714455092682511,1000000.0
2015-01-06 23:15:00,1.695008822520915,3.155129393227943,0.94999837550278,1.205093069099868,2.645007198023695,4.360222462327811,0.0,0.0,0.0,2.59677653115,1.95396151175,0,0,14.997569999999996,194.92,0.0,-0.0,44.612588435671086,0.0,-0.0,0.0,-0.0,-0.0,-0.0,2.645007198023695,4.360222462327811,0.0,-8.623660193429942,7.801027753085714,0.0,-0.0,0.0,-0.0,7.801027753085715,5.0,-0.0,0.0,-0.0,-0.0,0.0,-0.0,0.0,-7.645007198024,-12.983882655750001,0.0,-0.0,0.0,0.0,0.0,309.0017212808476,3.764192439955989,1000000.0
2015-01-06 23:30:00,1.550408069874,2.984118842021087,0.91879842885469,1.125492123027054,2.46920649872869,4.109610965048141,0.0,0.0,0.0,2.6125685759,1.9656761755,0,0,14.997569999999996,194.92,0.0,-0.0,44.79152282564181,0.0,-0.0,0.0,-0.0,-0.0,-0.0,2.46920649872869,4.109610965048141,0.0,-8.953231914460048,7.621639284416328,0.0,-0.0,0.0,-0.0,7.621639284416327,5.0,-0.0,0.0,-0.0,-0.0,0.0,-0.0,0.0,-7.469206498728,-13.0628428795,0.0,-0.0,0.0,0.0,0.0,311.0793483643966,1.858778854659467,1000000.0
2015-01-06 23:45:00,1.40760732659613,2.813108290814231,0.87879849725457,1.0458911769542398,2.2864058238507,3.858999467768471,0.0,0.0,0.0,2.62836062065,1.9773908392500001,0,0,10.189969999999999,194.92,0.0,-0.0,44.977460211569934,0.0,-0.0,0.0,-0.0,-0.0,-0.0,2.2864058238507,3.858999467768471,0.0,-9.282803635481969,7.43510798352245,0.0,-0.0,0.0,-0.0,7.43510798352245,5.0,-0.0,0.0,-0.0,-0.0,0.0,-0.0,0.0,-7.286405823852,-13.14180310325,0.0,-0.0,0.0,0.0,0.0,313.2382880121176,-0.0,1000000.0
